

SET SQL_MODE = "NO_AUTO_VALUE_ON_ZERO";
START TRANSACTION;
SET time_zone = "+00:00";


CREATE TABLE `archivos` (
  `id` int(11) NOT NULL,
  `id_usuario_creador` int(11) NOT NULL,
  `original_filename` varchar(100) NOT NULL,
  `token_archivo` varchar(150) NOT NULL,
  `created_at` datetime DEFAULT current_timestamp(),
  `deleted_at` datetime DEFAULT NULL
) ENGINE=InnoDB DEFAULT CHARSET=utf8mb4 COLLATE=utf8mb4_general_ci;


INSERT INTO `archivos` (`id`, `id_usuario_creador`, `original_filename`, `token_archivo`, `created_at`, `deleted_at`) VALUES
(76, 3, 'document (1).jfif', 'OrcSqU6LBMQm5PlADe4p', '2023-11-30 18:06:52', NULL),
(77, 3, 'document (2).jfif', 'fHzDVXvzTLbR4o1CQxFs', '2023-11-30 18:06:52', NULL),
(78, 3, 'document (3).jfif', 'l9yrwTono6SrFhaxxgOJ', '2023-11-30 18:06:52', NULL),
(79, 3, 'document (4).jfif', 'CgunjnbuZvSXJHolKiPb', '2023-11-30 18:06:52', NULL),
(80, 3, 'document (5).jfif', 'UAQenmYCAKMqNdUOpvcO', '2023-11-30 18:06:52', NULL),
(81, 3, 'document (6).jfif', 'PmecZBJdOvHQDH9z5K2E', '2023-11-30 18:06:52', NULL),
(82, 3, 'document.jfif', 'iORVgloM8XgcL87Qm2Xv', '2023-11-30 18:06:52', NULL),
(83, 3, 'document (1).jfif', 'ljNHuY4Ejwezmm1RjdHS', '2023-11-30 18:07:43', NULL),
(84, 3, 'document (1).jfif', 'sZJxEk3ZW2zuCKbsaXNp', '2023-11-30 18:10:40', NULL),
(85, 3, 'document (2).jfif', 'vY3gXB5AVNbxnlt8jSPe', '2023-11-30 18:10:40', NULL),
(86, 3, 'document (3).jfif', 'o5udTCJOVLTqhFO83ovv', '2023-11-30 18:10:40', NULL),
(87, 3, 'document (4).jfif', 'FMC3OUhwVeIVK3jkitXf', '2023-11-30 18:10:40', NULL),
(88, 3, 'document (5).jfif', '1SY9YOlJ2CK4cYwOS0j0', '2023-11-30 18:10:40', NULL),
(89, 3, 'document (6).jfif', 'J2ygWp9O6jIOiIF0wrqr', '2023-11-30 18:10:40', NULL),
(90, 3, 'document.jfif', 'UyQBaAVD3SkWzjDLW0wI', '2023-11-30 18:10:41', NULL);




CREATE TABLE `area` (
  `id` int(11) NOT NULL,
  `Descripcion` varchar(255) DEFAULT NULL,
  `Consultorio` int(11) DEFAULT NULL
) ENGINE=InnoDB DEFAULT CHARSET=utf8mb4 COLLATE=utf8mb4_general_ci;


INSERT INTO `area` (`id`, `Descripcion`, `Consultorio`) VALUES
(0, 'AREA SECRETARIAS', 0),
(1, 'CARDIOLOGIA', 1),
(2, 'CLINICO', 2),
(3, 'FONOAUDIOLOGIA', 3),
(4, 'LABORATORIO', 4),
(5, 'NEUMONOLOGIA', 5),
(6, 'ODONTOLOGIA', 6),
(7, 'OFTALMOLOGIA', 7),
(8, 'PSICOLOGIA', 8),
(9, 'RX', 9),
(10, 'NEUROLOGIA', 10);




CREATE TABLE `ddjj` (
  `id` int(11) NOT NULL,
  `accidente_transito` tinyint(1) DEFAULT NULL,
  `fuma` tinyint(1) DEFAULT NULL,
  `d_fuma` int(11) DEFAULT NULL,
  `deporte` tinyint(1) DEFAULT NULL,
  `d_deporte` varchar(140) DEFAULT NULL,
  `alcohol` tinyint(1) DEFAULT NULL,
  `d_alcohol` varchar(140) DEFAULT NULL,
  `duerme` tinyint(1) DEFAULT NULL,
  `d_duerme` int(11) DEFAULT NULL,
  `vision` tinyint(1) DEFAULT NULL,
  `audio` tinyint(1) DEFAULT NULL,
  `dolor_cabeza` tinyint(1) DEFAULT NULL,
  `dolor_torax` tinyint(1) DEFAULT NULL,
  `taquicardia` tinyint(1) DEFAULT NULL,
  `hipertension` tinyint(1) DEFAULT NULL,
  `marcapaso` tinyint(1) DEFAULT NULL,
  `falta_aire` tinyint(1) DEFAULT NULL,
  `hepatitis` tinyint(1) DEFAULT NULL,
  `alergia` tinyint(1) DEFAULT NULL,
  `cancer` tinyint(1) DEFAULT NULL,
  `perdida_peso` tinyint(1) DEFAULT NULL,
  `diabetes` tinyint(1) DEFAULT NULL,
  `diabetes_2` tinyint(1) DEFAULT NULL,
  `psiquiatrico` tinyint(1) DEFAULT NULL,
  `epilepsia` tinyint(1) DEFAULT NULL,
  `dolor_cintura` tinyint(1) DEFAULT NULL,
  `dolor_espalda` tinyint(1) DEFAULT NULL,
  `dolor_piernas` tinyint(1) DEFAULT NULL,
  `fracturas` tinyint(1) DEFAULT NULL,
  `operaciones` tinyint(1) DEFAULT NULL,
  `apendicitis` tinyint(1) DEFAULT NULL,
  `vesicula` tinyint(1) DEFAULT NULL,
  `varices` tinyint(1) DEFAULT NULL,
  `tumor` tinyint(1) DEFAULT NULL,
  `hernias` tinyint(1) DEFAULT NULL,
  `corazon` tinyint(1) DEFAULT NULL,
  `rodillas` tinyint(1) DEFAULT NULL,
  `tobillos` tinyint(1) DEFAULT NULL,
  `hombros` tinyint(1) DEFAULT NULL,
  `created_at` datetime DEFAULT current_timestamp(),
  `token` varchar(150) DEFAULT NULL
) ENGINE=InnoDB DEFAULT CHARSET=utf8mb4 COLLATE=utf8mb4_general_ci;




CREATE TABLE `empresas` (
  `id` int(11) NOT NULL,
  `razonsocial` varchar(150) NOT NULL,
  `cuit` varchar(20) DEFAULT NULL,
  `domicilio` varchar(200) DEFAULT NULL,
  `telefono` varchar(45) DEFAULT NULL,
  `mail` varchar(45) DEFAULT NULL,
  `contacto` varchar(100) DEFAULT NULL
) ENGINE=InnoDB DEFAULT CHARSET=utf8mb4 COLLATE=utf8mb4_general_ci;


INSERT INTO `empresas` (`id`, `razonsocial`, `cuit`, `domicilio`, `telefono`, `mail`, `contacto`) VALUES
(1, 'ÁGUILA SEGURIDAD PRIVADA (AGUILAR VERA, JUAN DAVID)', '20280209296', '', '', '', ''),
(2, 'ALCANTARA S.A.', '30711657513', '', '', '', ''),
(3, 'ALISES FANLO Y ASOC. S.A.', '30707708391', 'San Martín 666 2° Piso Of. 2 - San Miguel de Tucumán', '(0381) 4307277', 'slenis@afsa.com.ar', 'Soledad Lenis'),
(4, ' ACERSANJUAN SRL', '30714060143', '', '', '', ''),
(5, 'ALTOIMPACTO S.A.', '30711062986', 'Arenales 1061 Oeste | CP:5400', 'Fijo: (0264) 4275193\nCel: (0264) 155178632', 'administracion@altoimpacto.biz', 'Sergio Vargas'),
(6, 'AIR CLIMA', '33714680779', '', '', '', ''),
(7, 'ANILU SRL', '30711179514', '', '', '', ''),
(8, 'ALS ARGENTINA SA', '33683737629', '', '', '', ''),
(9, 'ANDDES ARGENTINA S.A.', '30714228230', '', '', '', ''),
(10, 'ANKARA SAS', '30717310108', '', '', '', ''),
(11, 'ATELEC', '30711903190', '', '', '', ''),
(12, 'ASFA SRL', '30715219650', '', '', '', ''),
(13, 'ANDINO, ALBERTO (ELECTROMECÁNICA ANDINO)', '20105309938', '', '154034737', '', 'Alberto Andino'),
(14, 'APES JOSEN (SERVI FOOD)', '20163518385', '', '421-6558 / 422-9925', '', ''),
(15, 'ARAMARK SERVICIOS', '30715488597', '', '', '', ''),
(16, 'ARROYITO DISTRIBUCIONES S.R.L.', '30714570850', '', '', '', ''),
(17, 'ASESORÍA TÉCNICA EN MONTAÑA PUCARÁ S.A.', '30711166145', '', '', '', 'María Laura Gil'),
(18, 'ATALAYA SEGURIDAD SRL', '30691887258', '-', 'Fijo: (0264) 4332122\nCel: 2645813867', 'atalayaseguridadsrl@yahoo.com.ar', 'Luciano Salto (Gerente)'),
(19, 'BAILAC ', '30711550409', '', '', '', ''),
(20, 'BALLATO CONSTRUCCIONES - COPISA S.R.L. - TECNO CONSTRUCCIONES S.R.L.', '30714962333', '', '156613466 (Roberto)', '', 'Luis Doncel - Roberto Balaguer'),
(21, 'BANCO DE LA NACIÓN ARGENTINA', '30500010912', '', '429-9696 / 53 / 80', '3200ADM@bna.com.ar', 'Sandra Paz'),
(22, 'BASAA S.A. (BRITOS)', '30518764701', '', '(0351) 480-0179', '', 'Karol Martín - Carlos Guerra'),
(23, 'BCN INGENIERIA SRL', '30714095222', '-', '425-3110', 'manuel.manzur@la-noria.com', 'Manuel Manzur'),
(24, 'BLANCA PALOMA SRL', '30700786206', '-', '-', 'blancapalomasrl@speedy.com.ar', 'Carla'),
(25, 'BOART LONGYEAR ARGENTINA S.A.', '30663270512', '', '', '', 'Antonella Lazzarini'),
(26, 'BODEGAS TUCUMA', '30552685233', '', '264-4567004', '', 'Carlos Sánchez (Gerente)'),
(27, 'BORNAV SERVICIOS MINEROS S.R.L.', '30712235396', '', '', '', ''),
(28, 'BRANT BERNARDO Y BRANT ABRAHAM', '30616107417', '', '421-4147', 'maza.carlos@maxibrant.com', 'Carlos Maza'),
(29, 'BUSCEMI NESTOR', '20136663977', '', '', '', ''),
(30, 'BTZ MINERA S.A.', '30629362394', '', '264-4223051', 'secretaria@btzminera.com.ar', 'Verónica Frias'),
(31, 'BUGANVILLAS S.A.', '30709967254', '', '438-3030', '', 'Duilio Montoya'),
(32, 'C Y M S.R.L.', '30710368011', '-', '-', 'andrea.segatti@industriascym.com', 'Andrea Segatti'),
(33, 'CAMINOS S.R.L.', '30691895064', '', '', '', ''),
(34, 'CASTILLO VERDE', '30711121834', '', '', '', ''),
(35, 'CALZADO ARGENTINA SA', '33590485859', '', '', '', ''),
(36, 'CASA 2000 S.A.', '30709128341', '', '', '', ''),
(37, 'CATERWEST SA', '30707371524', '', '', '', ''),
(38, 'CEMEPLA S.A.', '30690151045', 'La Plata Av. 2055 - Capital Federal - CABA (1250)', '(011) 5263-2552 (210)', 'paulab@cemepla.com.ar', 'Romina Gurruchaga'),
(39, 'CENTRAL DE RESTAURANTES SRL', '30685840819', '', '', '', ''),
(40, 'CENTRAL MULTISERVICIOS SOCIEDAD DE RESPONSABILIDAD LIMITADA', '30708844817', '', '', '', ''),
(41, 'CERRO AMARILLO SA', '30709392448', '', '', '', ''),
(42, 'CERROS DE CUYO SRL', '30707893172', '', '155067469', 'María Gabriela Balderramo', ''),
(43, 'CGA CONSULTORA SRL', '33708855729', '', '', '', ''),
(44, 'CICON S R L', '30673308526', '', '', '', ''),
(45, 'CINCOEMES S.A.', '30715667033', '', '422-3081', 'matias@estudioavendano.com.ar', 'Matias Porres'),
(46, 'CINEMA CENTER S.A.', '30707660054', '', '', '', ''),
(47, 'CLAVERO ROGELIO E HIJOS SOC DE HECHO DE ALDO ESTELA Y JOSE CLAVERO', '30549581710', '', '', '', ''),
(48, 'CLAVERO SEBASTIAN ALDO Y OTROS SOCIEDAD DE HECHO', '30594027279', '', '', '', ''),
(49, 'CLEANOSOL ARGENTINA', '30504912899', 'Mendoza 1674 - Avellaneda - BS.AS. - CP 1870', '', '', ''),
(50, 'COMPAÑÍA MINERA DEL PACÍFICO S.A.', '30688359127', 'Santa Fé 177 (Oeste) 3° B - Edificio DERBY', '421-2512/421-9903', '', 'Flavia Agüero'),
(51, 'CONELCI S.R.L.', '30714398373', '', '', '', ''),
(52, 'CONSTRUCCIONES INDUSTRIALES Y PORTUARIAS S.A.', '30709572012', '', 'Sandra (0341) 4645669/70', 'administracion@giordano.com.ar', ''),
(53, 'CONSTRUCCIONES SCOP S A', '30640580581', 'España pasando Cdte. Cabot', '4280071', '', 'Myriam Montenegro'),
(54, 'CONSTRUCCIONES SENDAS SA', '30709685534', '', '', '', ''),
(55, 'COMBUSTIBLE NUEVO CUYO', '30691865386', '', '', '', ''),
(56, 'CRANE WORL DWIDE  LOGISTICA ARG SRL', '30710612249', '', '', '', ''),
(57, 'CONSTRUMIN S.R.L.', '30707486771', '', '(264) 4264305 / 2645820995', 'andreasendra@construmin.com.ar', 'Andrea Sendra Oviedo'),
(58, 'CONSULGRUOP S.A.', '30707039619', '', '(011) 5544-6300', 'administradores@consulgr.com.ar', 'Juan Antonio Restucci'),
(59, 'CONSULTORA G & M SRL', '30709549495', '', '', '', ''),
(60, 'CONSULTORIA Y MEDIO AMBIENTE S.A.', '30714166340', '', '', '', ''),
(61, 'CHINA GEZHOUBA GROUP COMPANY', '30714325724', '', '', '', ''),
(62, 'CORMIN SRL', '30714051446', '', '', '', ''),
(63, 'CRH CONSTRUCCIONES S.R.L.', '30711451176', '', '', '', ''),
(64, 'CUMMINS ARGENTINA-SERVICIOS MINEROS S.A.', '30708710020', '', '', '', ''),
(65, 'CUYOSTAR S.A.', '30712841008', '', '(264) 4840683', '', 'Pablo Orellano'),
(66, 'DATA 2000 S A', '30681697965', '', '', '', ''),
(67, 'DATUM S.A.', '30710884648', '', '(264) 4587465', '', 'Ing. Mauricio Martínez'),
(68, 'DAZ CONSTRUCCIONES S.R.L.', '30673273021', '', '420-2414', '', 'Leticia Mera'),
(69, 'DELTA MINING S.A.', '30714651478', '', '', '', ''),
(70, 'DESARROLLO DE RECURSOS S.A.', '30714516082', 'Sobremonte 579 - 5ta. Sección - Capital, Mendoza', '261-4259567/76', '', 'Lorena López'),
(71, 'DÍA Y NOCHE S.A.', '30714346985', '', '', 'aearenas@outlook.com', 'Alejandra Arenas'),
(72, 'DINEL S.R.L.', '30711019576', '', '', '', ''),
(73, 'DUAM', '30709783730', '', '', '', ''),
(74, 'DISCUY S.R.L.', '30710873611', '', '', '', ''),
(75, 'DECSA', '30708151102', '', '', '', ''),
(76, 'DISEI SRL', '30710162286', '', '', '', ''),
(77, 'DISTRIBUCIÓN Y LOGÍSTICA MALDONADO S.R.L.', '30707983945', '', '', '', ''),
(78, 'DISTRIBUIDORA ELECTRICA DE CAUCETE SA', '30708151102', '', '(264) 6618317', '', 'Ing. Daniel Castro'),
(79, 'DOM S.R.L. (SÁNCHEZ BUSTOS)', '30708987693', '', '', '', ''),
(80, 'DOMIN SERVICIOS GENERALES S.R.L.', '30715062972', '', '(011) 4342-4378', '', 'Facundo Domínguez - Socio Gerente'),
(81, 'DR. LAZAR Y CIA. S.A.Q.', '30501190620', 'Av. Velez Sarfield 5855 - CP B1605EPI - MUNRO - BS.AS.', '(11)5550-2920', '', 'Valeria García'),
(82, 'DUMANDZIC HNOS SA', '30673332885', '', '4287080 - 4282732', '', ''),
(83, 'ECO SAN JUAN SA', '30694237874', '', '', '', ''),
(84, 'EFICIENCIA EMPRESARIA SA - EMPRESA DE SERVICIOS EVENTUALES', '30613696675', '', '', '', ''),
(85, 'EFICIENCIA SERVICIOS EMPRESARIOS S.A.', '30708931337', '', '', '', ''),
(86, 'EL ÁNGEL SERVICIOS INDUSTRIALES EN FORMACIÓN', '30715596497', '', '(264) 5810957', 'm.tejada@elangelservicios.com.ar', 'Marcelo Tejada'),
(87, 'ESCO SERVICIO MINERO SA', '30711449872', '', '', '', ''),
(88, 'ELE SEGURIDAD S R L', '30632632645', '', '155-616528 / 422-4594', '', ''),
(89, 'ELECTRIFICADORA DEL VALLE SA (EDVSA)', '30661957448', '', '', '', ''),
(90, 'EMPRESA DEL SUR Y MEDIA AGUA SA', '30644720671', '', '', '', ''),
(91, 'EMPRESA MAYO SOC DE RESP LTDA', '30546246872', '', '424-0831', '', ''),
(92, 'EMPRESA VALLECITO SRL', '30563545263', '', '', '', ''),
(93, 'ENAEX ARGENTINA S.R.L', '30710187106', '', '422-6496', '', ''),
(94, 'EFISOL ', '30717370542', '', '', '', ''),
(95, 'ENERGÍAS SUSTENTABLES S.A. (360 ENERGY)', '30711204055', '', '(0230) 4384555 / 155101693', '', 'Cintia Pastén'),
(96, 'ENRIQUE JOSÉ SILVA MENA (EL SANTO)', '20174178144', '', '', 'enrique_pelado@hotmail.com', ''),
(97, 'EPC S.R.L.', '30714788422', '', '261-5079759', 'epc.sanjuan@gmail.com', 'Juan Pellicer (Jorge Cartellone)'),
(98, 'EPITERMAL S.A.', '30715858394', '', '', '', ''),
(99, 'EL FARO', '', '', '', '', ''),
(100, 'EPS SRL', '30714788422', '', '', '', ''),
(101, 'EMPAQUE', '30603829626', '', '', '', ''),
(102, 'ESCANDINAVIA DEL PLATA SA', '30709246476', '', '', '', ''),
(103, 'ESTEBAN FABREGAS SAICAFEI', '30501571071', '', '424-4036', '', 'Marita'),
(104, 'EXCELENCIA SOLUCIONES INFORMATICAS SRL', '30708731834', '', '', '', ''),
(105, 'F & M SERVICIOS (TREN DIGITAL)', '20204451835', '', '(02634) 288695', 'trendigital@live.com.ar', 'María Eugenia'),
(106, 'FALABELLA S.A.', '30655725829', '', '', '', ''),
(107, 'FARMACIA LAS FLORES S.R.L.', '30707543864', '', '', '', ''),
(108, 'FARO S.R.L.', '30714245976', '', '', 'faroserviciossrl@gmail.com', 'Daniela Ares'),
(109, 'FEDEMI S.R.L.', '30710926367', '', '', '', ''),
(110, 'FÉLIX ALBERTO MILLÁN S.R.L.', '30673323460', '', '421-4594', 'eugenia_millan@yahoo.com.ar', 'María Eugenia Millán'),
(111, 'FERNALEXIS SOCIEDAD DE CAP.', '30715625462', '', '', '', 'Janzara Quiroga'),
(112, 'FERNÁNDEZ, JUAN JOSÉ (ING. FERNÁNDEZ)', '20128936085', '', '', '', ''),
(113, 'FICAMEN S.A.', '', 'Gral. Mosconi 4754 (Sur)', '428-2220 / 154186265', 'pcorrea@ficamen.com.ar', 'Pedro Correa'),
(114, 'FIDEICOMISO NUEVO PLAN DE VIVIENDAS ARSJ02', '30712304916', '', '', '', ''),
(115, 'FINNING ARGENTINA SOCIEDAD ANONIMA', '30647227119', '', '', '', ''),
(116, 'FINNING SOLUCIONES MINERAS SA', '30681530327', '', '', '', ''),
(117, 'FLUMIANI MARIO JAVIER (EFE - EME Climatizacion)', '20246603651', '', '', '', ''),
(118, 'G4S SOLUCIONES DE SEGURIDAD S A', '30549486513', '', '', '', ''),
(119, 'GALICIA SEGUROS S.A.', '30687145522', '', '', '', ''),
(120, 'GEOENERGÍA ARGENTINA S.A.', '30711536996', '', '', '', 'Cristina Castano'),
(121, 'GEOPEHUEN SRL', '30714245887', '', '', '', ''),
(122, 'GESTIÓN NATIVA S.A.', '33714340099', '', '', '', ''),
(123, 'GESTION SEGURA SRL (DATA 2000)', '30707928960', '', '', '', ''),
(124, 'GIANNI, RUBÉN NORBERTO', '20083093464', '', '264-4101121', '', 'Bethsabé Manzanares'),
(125, 'GILI CONSTRUCCIONES S.R.L.', '30711168008', '', '', '', ''),
(126, 'GRUPO SAN BLAS', '30660920451', '', '', '', ''),
(127, 'GRUPO SIT SRL ', '30712462708', '', '', '', ''),
(128, 'GIULIANI FRANCISCO JAVIER', '20260095715', '', '', '', ''),
(129, 'GIULIANI FRANCISCO JAVIER (GMI)', '20260095715', '', '', '', ''),
(130, 'GLOBE TRACK S.A.', '30711754160', '', '', '', ''),
(131, 'GODOY ESCUDERO GUSTAVO (Bio Ingenieria)', '20226587676', '', '', '', ''),
(132, 'GOLDER ASSOCIATES ARGENTINA S.A.', '30708607874', '', '(264) 422-9050', 'fsgarcia@golder.com', 'Fernando S. García (Contador)'),
(133, 'GOMALAR S.R.L.', '30707588515', '', '', '', ''),
(134, 'GONZÁLEZ, NESTOR FABIÁN (TRANSPORTE GONZÁLEZ)', '20217426341', '', '', '', ''),
(135, 'GRASSETTO ANGEL OCTAVIO MIGUEL', '20055232114', '', '', '', ''),
(136, 'GRUPO FE & RO', '30715268201', '', '(264) 4899200 / Josefina 156716071', 'grupofeyro@gmail.com', 'Fernanda Illanes'),
(137, 'GRUPO GMÁS S.R.L.', '30714622303', '', '264-4176562', '', 'Jorge Hernández'),
(138, 'GRUPO INDUSER SRL', '30707887008', '', '', '', ''),
(139, 'GRUPO PEÑAFLOR S.A.', '30500548041', '', '(11) 5198-8000', '', 'Facundo Quiroga'),
(140, 'GUAJARDO FLAVIA VANESA (FV SEGURIDAD)', '27300954249', '', '421-8391', '', ''),
(141, 'GUSTAVO ERNESTO MARTÍN (CRISA)', '20230581801', '', '422-4678 / 156710211', 'gustavoemartin@speedy.com.ar', 'Gustavo Martín'),
(142, 'HARD SELL SRL', '30707579702', '', '', '', ''),
(143, 'HIDROAR S A', '30614802320', '', '', '', ''),
(144, 'HG PERFORACIONES', '30673238986', '', '', '', ''),
(145, 'HONFLEUR S.A. (CINEMA CENTER)', '30709833487', '', '', '', 'Dr. Fernández'),
(146, 'HORMISERV S.R.L.', '30681641730', '', '', '', ''),
(147, 'ICON SRL', '30710235194', '', '', '', ''),
(148, 'IGARRETA MAQUINAS SA', '30682440003', '', '', '', ''),
(149, 'ILLANES, ROMINA MARISEL', '27272075188', '', '', 'grupofeyro@gmail.com', 'Fernanda Illanes'),
(150, 'INACO S.A.', '30711640882', '', '261-155604077', '', 'Tatiana Aballay'),
(151, 'INDUMET SRL', '30709960845', '', '421-5553 / 420-1457', '', ''),
(152, 'INDUSTRAS JUAN F. SECCO S.A.', '30501598131', 'Juan Pablo II 5665 - Rosario, Santa Fé', '(0341) 5124850', '', 'Federico Neumayer'),
(153, 'INDUSTRIAS CASTEL (MARTÍNEZ JORGE ROBERTO)', '20111183415', '', '', '', ''),
(154, 'ING JULIO NACUSI CONSTRUCCIONES SRL', '30594374351', '', '424-3294', '', ''),
(155, 'ING. JUAN FERNÁNDEZ', '20128936085', '', '(264) 5818725', '', 'Antonio Fernández'),
(156, 'INGENIERÍA RÍO BLANCO S.R.L.', '30714906735', '', '4214281', '', ''),
(157, 'INNTEK S.R.L.', '33710979419', '', '', '', ''),
(158, 'INSTITUTO AUTARQUICO PROVINCIAL DEL SEGURO', '30500055509', '', '', '', ''),
(159, 'INSTITUTO ZALDIVAR S.A.', '30707258051', '', '', '', 'María Herminia Cáceres'),
(160, 'INTERNATIONAL CAREER PROGRAM S.A', '30707179046', '', '', '', ''),
(161, 'INTERREDES S.A.', '30681700281', '', '', '', ''),
(162, 'ISEMAR S.A.', '30709597228', '', '420-2930', '', ''),
(163, 'ISS ARGENTINA S.A.', '30685895362', '', '', '', ''),
(164, 'JCV CONSTRUCCIONES (VARGAS JUAN CARLOS)', '20054991909', '', 'Javier Vargas (264) 4514564', '', ''),
(165, 'JFJ CONSTRUCTORA S.R.L.', '30709730521', 'Lencinas 285 - Las Heras - Mendoza', '', '', 'Lucas Abdala'),
(166, 'JOEL SRL', '30681656576', '', '(264) 154819209', '', ''),
(167, 'JOHN DEERE WATER S.A.', '30691844400', '', '', '', ''),
(168, 'JOSE CARTELLONE CONST CIVILES S A', '30501579471', '', '', '', ''),
(169, 'JOSÉ JORGE CLAVERO Y SEBASTIÁN ALDO CLAVERO', '30707820868', '', '264-4145950', '', 'José Clavero'),
(170, 'KNIGHT PIESOLD ARGENTINA CONSULTORES S.A.', '30709212210', '', '421-0014', '', 'Violeta Trigo'),
(171, 'LA PLATENSE SOCIEDAD ANONIMA', '30503696890', '', '', '', ''),
(172, 'LIBERTAD S.A.', '30612929455', '', '', '', ''),
(173, 'LIEBHERR-ARGENTINA SA', '33708645139', '', '', '', ''),
(174, 'LOGÍSTICA EMPRESARIA SOCIEDAD ANONIMA', '30710894554', '', '422-3379', '', ''),
(175, 'LOMA NEGRA CIA INDUSTRIAL ARGENTINA SA', '30500530851', '', '', '', ''),
(176, 'LOMAS DEL SOL S.R.L.', '30673249902', '', '', '', ''),
(177, 'LYG LOGISTICA Y GASTRONOMIA', '33709300569', '', '', '', ''),
(178, 'LPF CONSULTING S.R.L.', '30711132615', 'Ramallo 2989 - 12° \"A\"\" - C.A.B.A. - C.P. 1429 - BS.AS.\"', '', '', ''),
(179, 'LUBIN SAS', '30715920499', '', '264-4623577', '', 'Maximiliano Avendaño'),
(180, 'LUCIANO S.R.L.', '30707571485', '', '', '', ''),
(181, 'LUMIERE S.A.', '30710676212', '', '426-4305', '', 'Andrea Sendra Oviedo (Construmin)'),
(182, 'M.D.M. INGENIERIA S.R.L.', '30714125369', '', '', '', ''),
(183, 'MALAISI VICTOR HUGO', '20079444732', '', '', '', ''),
(184, 'MARTIN ERNESTO GUSTAVO', '20230581801', '', '', '', ''),
(185, 'MALVAR MANTENIMIENTO INTEGRAL SRL', '30710564465', '', '', '', ''),
(186, 'MAPAL S A C I A', '30587557785', '', '', '', ''),
(187, 'MARIO GOLDSTEIN S.A.C.I.', '30545276417', '', '155178647', '', 'Daniel Dangelo'),
(188, 'MARTINAZZO DEPORTES S.R.L.', '30591062545', '', '', 'proveedores@martinazzodeportes.com.ar', ''),
(189, 'MARUN LUIS SILLERO RUBEN Y FABREGA GLADYS', '30647700000', '', '', '', ''),
(190, 'MAS CATTAPAN, HECTOR ANDRÉS (NOVA ALUMINIOS)', '20317143118', '', '', '', ''),
(191, 'MAT SRL', '30709256781', '', '433-1160', '', ''),
(192, 'MC INGENIERIA EN SERVICIOS S.R.L.', '30714564710', '', '', '', ''),
(193, 'MC KINSEY ARGENTINA S.R.L.', '30708724811', 'Leandro N. Alem 855 - Piso 24 - CF - C.A.B.A.', '', '', 'Ana Laura (Martita)'),
(194, 'MÉDICOS SIN FRONTERAS - ESPAÑA ASOCIACIÓN CIVIL', '30707854673', '', '', '', 'Camila Avigliano'),
(195, 'MEDITEL S A', '30708336706', '', '', '', ''),
(196, 'MENI ROMERO, MICAELA CECILIA', '27384634368', '', '', '', ''),
(197, 'MENIN, OSCAR DEL SOCORRO', '23079466999', '', '', 'info@meninconstrucciones.com.ar', ''),
(198, 'MILICIC MINERIA SA', '30712253653', 'Gral. Mosconi 4573 - Rawson / 424-2692', '(0264)-155095692', 'jorge.calvo@milicicmineria.com.ar', 'Jorge Calvo'),
(199, 'MISAE SRL', '30714055670', '', '', '', ''),
(200, 'MILICIC S.A.', '30622317784', '', '(0341)-153552118', 'marta.coria@milicic.com.ar', 'Marta Coria'),
(201, 'MINAS ARGENTINAS S.A.', '30677262466', '', '', '', 'Romina Barrios / M. E. García'),
(202, 'MINERA ARGENTINA GOLD S A', '30682347194', '', '', '', ''),
(203, 'MINOIL S.A.', '30714420395', '', '', '', ''),
(204, 'MIODOWKY MARCELO EDUARDO (Fase Electricidad)', '20131072474', '', '', '', ''),
(205, 'MOLINOS RIO DE LA PLATA S A', '30500858628', '', '', '', ''),
(206, 'MONROE AMERICANA S.A.', '30517059095', '', '', '', ''),
(207, 'MONTEMAR COMPAÑÍA FINANCIERA S.A.', '30581385516', '', '', '', ''),
(208, 'MONTIVEROS, HERNÁN RODOLFO (MG LIMPIEZA)', '20117311032', '', '421-2434 / (264) 4802949', 'mgempresadelimpieza@gmail.com', 'Claudia Espejo'),
(209, 'MORENO S.R.L.', '30691920182', '', '', '', ''),
(210, 'MOSTO MAT S A', '30616256315', '', '425-0655', '', 'Juan Ortiz'),
(211, 'MTZ TRANSPORTES S.R.L', '30711508364', '', '', '', ''),
(212, 'NG SOLUCIONES TECNOLOGICAS SRL', '30709991244', '', '(11) 5031-3849 / (261) 412-2625', '', 'Carolina Marin'),
(213, 'NIELSEN LOGISTICA Y EXPEDICIONES S.A.', '30709833185', '', '420-1846 / (264) 4169511', 'pablo.nielsen@nielsenexpediciones.com.ar', 'Pablo Nielsen'),
(214, 'NIVEL TRUCK S.R.L.', '33708611129', '', '', '', ''),
(215, 'NOMACORC S.R.L.', '30714524182', '', '', '', ''),
(216, 'NUTRITERRA SA', '30707728546', '', '', '', ''),
(217, 'OBRA SOCIAL DE PETROLEROS OSPE', '30661876715', '', '', '', ''),
(218, 'OBRAS SANITARIAS SOCIEDAD DEL ESTADO', '30999032849', '', 'Isabella Portillo', 'iportillo@ossesanjuan.com.ar', ''),
(219, 'OLIMÁS S.A.', '30711248206', '', '', '', ''),
(220, 'OPTIMA SRL (CONSULTORES DE EMPRESAS)', '30677554823', '', '', '', ''),
(221, 'ORGANIZACIÓN TRIBUNO S.A.', '30673253519', '', 'Ruarte 154450553', 'fredycarrizo@hotmail.com', 'Leopoldo González 154112438'),
(222, 'PAC DISTRIBUCIONES SRL', '30707804870', '', '264-4475194', '', 'Luis Crocco'),
(223, 'PACIFIC FASHION S.R.L. (Juana Bonita)', '30715104608', 'Av Juan Domingo Peron 3929, CP 1617, General Pacheco, Buenos Aires.', '011-50939613', '', ''),
(224, 'PÁEZ CARRIZO, ALEJANDRO', '20277846285', '', '264-4031925', 'arg_alejandropaez@hotmail.com', 'Arq. Alejandro Páez'),
(225, 'PALMANOVA S.A.', '33712433979', '', '', '', ''),
(226, 'PARAMASSI ANDINA S.R.L.', '30715050419', '', '', '', ''),
(227, 'PARAMOUNT GRUAS S.A.', '30711847231', '', '', '', ''),
(228, 'PARQUE ALBORADA S.A.', '30635617337', '', '', '', ''),
(229, 'PATAGONIA GREEN S.A.', '30708395850', '', '(0263) 4439400/01/02 - 154578575', '', 'Jorge Salinas'),
(230, 'PELLEGRINO, ROMINA VERÓNICA (RHE CONSULTORA)', '27250446069', '', '', '', ''),
(231, 'PERFIL SRL', '30599884145', 'Laprida 247 (Oeste)', '420-1331', 'fhrabalek@perfilsrl.com.ar', 'Javier Hrabalek'),
(232, 'PIZARRO, MARTÍN HUMBERTO', '20218639438', '', '', '', 'Carla Verónika'),
(233, 'PLASTICOS COFECO SRL', '33681634539', '', '', '', ''),
(234, 'PODER JUDICIAL DE SAN JUAN', '', '', '', 'adriromero@jussanjuan.gov.ar', 'Adriana Romero (Dpto. RR.HH.)'),
(235, 'PORTALUPPI, GONZALO MATÍAS', '20316090452', '', '', '', 'Santiago MARTÍN'),
(236, 'PORTILLO, RAÚL EMILIO (PORTILLO INGENIERÍA)', '20130491740', '', '421-8919 / 2644508502', '', 'José Luis Fernández'),
(237, 'PROCON SRL', '30589871533', '', '(261) 4726821', 'oscarbrudezan@proconconstructora.com.ar', 'Rafael Muñoz - Oscar Brudezan GERENTE'),
(238, 'PRODELTA SA', '30714710423', '', '', '', ''),
(239, 'PROMATIX S.R.L.', '33714227349', 'Pedro Echague 514 (Oeste)', '264-4600244', 'msegura@promatix.com.ar', 'Ing. Marcelo Segura'),
(240, 'PROZETA SOLUTIONS SA', '30714432628', '', '', '', ''),
(241, 'PSSC S.A.', '30711717923', '', '', '', ''),
(242, 'PUERTAS S.R.L.', '30707004416', '', '(381) 4330141 / Cel. (381) 3046759', 'mirtha.zarrini@puertassrl.com.ar', 'Mirtha Zarrini'),
(243, 'RARIZA CONSULTORES SRL', '30709358533', '', '434-3955 / 154540134', 'gmmagaby@gmail.com', 'Gabriela Molina'),
(244, 'RED DE NEGOCIOS S.R.L.', '33707927769', '', '', '', ''),
(245, 'REMA TIP TOP SERVICE SA', '30702145895', '', '', '', ''),
(246, 'REST PERSONAL EVENTUAL SA', '33632417239', '', '', '', ''),
(247, 'RGP INOX S.R.L.', '30714933627', '', '', '', ''),
(248, 'RICHARD, MARIO ORLANDO (GASTRO CHEFF)', '23161742279', '', '426-6532', 'gastrocheff@hotmail.com.ar', 'Patricia'),
(249, 'RIO VARADERO SA', '30709652490', '', '', '', ''),
(250, 'ROBERTO BASUALDO SA', '30599860432', '', '', '', ''),
(251, 'ROCAU CONSULTORA, HIGIENE, SEGURIDAD Y MEDIO AMBIENTE', '33715831169', '', '', '', ''),
(252, 'RUMBO S.R.L.', '33712097669', '', '(264) 5251583', '', 'Marcos Paredes'),
(253, 'RUTAS AUTOMOTORES S.R.L.', '30714276804', '', '427-8908', '', 'Danila Roca 155479728'),
(254, 'SALESPOWER S.A.', '30710372558', '', '', '', ''),
(255, 'SAN - OD S.R.L.', '30710668694', '', '421-6010 / 155111688', '', 'Marisa Fernández'),
(256, 'SAN FRANCISCO HOGAR', '30712142665', '', '(264) 4854984', '', 'Natalia Manrique'),
(257, 'SANAMI S.R.L.', '30712074597', '', '264-6731111', 'administracion@sanamisrl.com', 'Juan Amicarelli'),
(258, 'SÁNCHEZ, NERIO SILVIO (PLÁSTICOS TEHUE)', '20109090523', '', '', '', ''),
(259, 'SECURITAS ARGENTINA SA', '30678239549', '', '421-0030', '', ''),
(260, 'SEDIN SERVICIOS DE INGENIERIA SRLF', '30592838091', '', '', '', ''),
(261, 'SENDA SRL', '30691843587', '', '', '', ''),
(262, 'SERALICÓ S.A.', '30707313605', '', '', '', ''),
(263, 'SERGIO CHICONI SRL', '30709897868', '', '', '', ''),
(264, 'SERGIO GONZALEZ SRL', '30711803951', '', '', '', ''),
(265, 'SERVICIO DE MEDICINA DEL TRABAJO S.R.L. (SEMETRA)', '30649662920', 'Belgrano N° 860 - 6° Piso - (4600) San Salvador de Jujuy', '(0388) 4232046 Int 23', 'gladis.molina@semetrasrl.com.ar', 'Gladys Molina'),
(266, 'SERVICIO GEOLOGICO MINERO ARGENTINO SEGEMAR', '30686314428', '', '', '', ''),
(267, 'SERVICIO INTEGRAL DE.MANTENIMIENTO. S.R.L.', '30708503718', '', '427-6770', '', ''),
(268, 'SERVICIOS DE SEGURIDAD AMERICA S.A.', '33711965519', '', '(261) 424-1583 / (261) 6510943', '', ''),
(269, 'SERVICIOS DEL OESTE SRL', '33709881499', '', '', '', ''),
(270, 'SERVIMIX S.A. (TÁCTICOS SEGURIDAD)', '30714052434', '', '', '', ''),
(271, 'SERLEYCON SAS', '30717776689', '', '', '', ''),
(272, 'SERVITUDCUM', '30715230255', '', '264-6607376', '', ''),
(273, 'SESA INTERNACIONAL S A', '30700480239', '', '', '', ''),
(274, 'SIGMA S.A.', '30621966975', 'Av. Córdoba 320 (Este)', '430-7000', '', 'Gustavo de Luca'),
(275, 'SILLERO, FABREGAS ASOCIADOS (EX MARÚN, SILLERO Y FABREGAS)', '30716005840', '', '', '', ''),
(276, 'SINEC SA', '30711150591', 'Av. Rioja 1026 (Sur) - Capital', '', '', ''),
(277, 'SISMA S.A.', '30709280216', '', '154682528', '', 'Andrés'),
(278, 'SIGLO 21', '30717035514', '', '', '', ''),
(279, 'SISTELEC INGENIERIA S.A.', '30709170623', '', '', '', ''),
(280, 'SYNERGI ', '3071705183', '', '', '', ''),
(281, 'SISTEMA DE IMPERMEABILIZACION DE GRANDES SUPERFICIES ARGENTINA S A', '30707961615', 'Caseros 255 (Norte)', '421-0485 / 264-5078804', 'vizzo.martag@gmail.com', 'Marta Vizzo'),
(282, 'SOLETANCHE BACHY ARGENTINA S.A.', '30585017775', '', '', '', ''),
(283, 'SOTUR', '', '', '', '', ''),
(284, 'SOLIGOR S.R.L.', '33709809119', '', '4215626', 'soligor.erica@gmail.com', ''),
(285, 'SOLUCIONES RANDSTAD S.A.', '30707179046', '', '', '', ''),
(286, 'SOLVE INGENIERÍA S.R.L.', '30714185337', '', '', 'administracion@solveingenieria.com.ar', 'Sebastián Valenzuela'),
(287, 'SOSA MARIO ALDO (RIPSO)', '20213606159', '', '', '', 'Sergio Serdas'),
(288, 'SUCESIÓN DE DIAMANTE GIULIANI', '20152546417', '', '', '', ''),
(289, 'SOUTH MANAGEMENT REGION NORTE  SAS', '30715878921', '', '', '', ''),
(290, 'SUIZO ARGENTINA S.A.', '30516968431', '', '', '', 'Analía Gómez'),
(291, 'SCOP', '', '', '', '', ''),
(292, 'SOUTH MANAGEMENT REGION PATAGONIA   SAS', '30715903586', '', '', '', ''),
(293, 'SULLAIR ARGENTINA S A', '30576721710', '', '', '', ''),
(294, 'SUMPETROL SA', '33605491729', '', '', '', ''),
(295, 'SURMAT S.R.L.', '30709852821', '', '', '', ''),
(296, 'TARANTO SAN JUAN S A', '30615491027', '', '', '', ''),
(297, 'TAURO SEGURIDAD SRL', '30707906096', '', '', '', ''),
(298, 'TECMA SAN JUAN SA', '30691903334', '', '426-0131', 'administracion@tecmasanjuan.com.ar', ''),
(299, 'TECNO CONSTRUCCIONES SRL', '30691893150', '', '423-7505', '', ''),
(300, 'TERRA CONSTRUCCIONES S.R.L.', '33710598709', '', '', '', ''),
(301, 'TERRA LOGISTICA SA', '30710366809', '', '', '', ''),
(302, 'TERRANO S R L', '30673320321', '', '426-4400', '', ''),
(303, 'TFP CONSTRUCCIONES S.R.L.', '30709266094', '', '', '', 'Gustavo Fariello'),
(304, 'TRADING INTERNACIONAL S.A.', '30685441175', '', '', '', ''),
(305, 'TRAFUL S.R.L.', '30708820144', '', '428-5763', '', 'Claudio o Gustavo'),
(306, 'TRANSMISION DE POTENCIA Y SERVICIOS ARGENTINA SRL', '30712244433', '', '', '', ''),
(307, 'TRANSPORTE DE PASAJEROS ALTO DE SIERRA S.R.L.', '30546485516', '', '', '', ''),
(308, 'TRANSPORTE SANCHEZ HUERTA SRL', '30710130937', '', '', '', ''),
(309, 'TRANSPORTES CLASUR S R L', '30673264847', '', '', '', ''),
(310, 'TRAVELPAQ S.R.L.', '30715427989', '', '', '', ''),
(311, 'TRIELEC S A', '30558640355', '', '', '', ''),
(312, 'TUTELKAN S.A.', '30709717142', '', '428-2465', '', 'Romina Rivera'),
(313, 'UCSA SA', '30711492395', '', '', '', ''),
(314, 'UDINE S.A.', '33715098429', 'Av. Rioja 267 (Norte)', '(264) 5042644', '', 'Eduardo Videla'),
(315, 'ULTRA SERVICIOS S.R.L.', '30714559318', '', '', '', ''),
(316, 'VIALTEC SA', '30709237213', '', '', '', ''),
(317, 'VALLVE, FABIÁN NORBERTO', '20185628370', '', '', '', ''),
(318, 'VECTOR ARGENTINA S A', '30689298423', '', '(261) 4200071', '', ''),
(319, 'VIENTO ANDINO SRL', '30708366834', '', '', '', ''),
(320, 'VINOX S.R.L.', '30714969885', '', '154141442', '', 'Dr. Fernández (Ignacio)'),
(321, 'VINVENTIONS ARGENTINA S.R.L. (NOMACORC)', '30714524182', '', '', '', ''),
(322, 'VIÑAS DE SAN CHARBEL S.R.L.', '30561040776', '', '', '', ''),
(323, 'WAL- MART ARGENTINA SOCIEDAD DE RESPONSABILIDAD LIMITADA', '30678138300', '', '', '', ''),
(324, 'WESTFIRE SUDAMERICA SRL', '30709835056', '', '154505510', '', 'Francisco Rejas'),
(325, 'WILLKA S.R.L. (DELTA MINING)', '30715773194', '', '', 'servicios@willkasrl.com', ''),
(326, 'WINDLAND S.A.', '33707219519', '', '264-4117908', '', 'Javier Morales'),
(327, 'YUSTE GARCIA EDUARDO ARIEL', '23259387949', 'Lateral Mosconi esquina Quiroz (esquina antes de Juan Gas)', '', '', ''),
(328, 'YUSTE, LUIS ÁNGEL', '20086194040', '', '', '', ''),
(329, 'Z & B S.R.L.', '30708568917', '', '425-4101 / 154679243', '', 'Ana Paula Zalazar Bueno'),
(330, 'ZÁRATE, ARNALDO ALBERTO (TREN DIGITAL)', '20204451835', 'Córdoba 166 - Palmira - San Martín - Mendoza', '(261) 5384326', '', 'María Eugenia'),
(331, 'ZÁRATE, FACUNDO (FyM Servicios)', '20407660332', '', '', 'fymserviciosa@hotmail.com', ''),
(332, 'ZEUS SEGURIDAD PRIVADA S.A.', '30709599964', '', '154430769 Hugo Arias', '', ''),
(333, '91LE SAS', '33716269669', '', '', '', ''),
(334, 'MAS AMBIENTE SRL', '30717671585', '', '', '', ''),
(335, 'La empresa suprema', '20290209296', 'Por alli', '123456', 'suprema@depollo.com', 'Juanito'),
(338, 'A', '77777777777', 'B', '4321', 'C@c.com', 'D'),
(339, '123|', '2029020929', '123123', '123123', '123123@test.com.ar', '123123'),
(340, 'pepacho', '20222222222', 'Barrio 7 colores 1 mzna c casa 4', '23123', 'jnlkjkl@com.ar', '123123'),
(352, '1', '1', '1', '1', '1', '1'),
(357, '123', '1231111', '123', '123', '123', '123'),
(364, '11', '32', '1423', '1123', '1123', '1123'),
(365, '4', '5', '5', '5', '5', '5'),
(377, 'Javier Villavicencio', '20316427759', 'ddd', '2646564', 'assa@sdasd.com', 'Javier'),
(378, 'Maria Sol Sassul', '27349174095', 'Domicilio', '264444444', 'sol@sol.com', 'Sol Sassul'),
(383, '12345', '123', 'asdasd', '123122', 'C@c.com', '1325414'),
(384, '123123', '99999998', '123123', '123123', 'C@c.com', '123123'),
(385, 'Alegria Co', '777777', 'jaja', '2345234', 'p@h.com', 'Pedro'),
(386, 'pepe y co', '20285388652', 'dfsjfajs', '2644673114', 'p@h.com', 'Pedro'),
(387, 'Javier Villavicecnio', '20316427759', 'Por ahi', '2644642821', 'aasd@asda.com', 'Javier'),
(388, 'papa', '243457234', 'Juan Jufré ', '264567478', 'p@h.com', 'Pepe'),
(394, 'razonsocial', '2566666666', 'domicilio', '2644444', 'asdas@sad.com', 'contacto'),
(399, 'fdsd', '777773', 'fdsaf', '24324', 'sfd', 'paola'),
(400, 'fs', '777775', 'fase', '23434', 'sfa', 'fusa'),
(401, 'Alegria Com', '777778', 'jajaja', '2644673114', 'p@h.com', 'Pedro'),
(402, 'sd', '23349164915', 'jajaja', '2644673114', 'p@h.com', 'Pedro'),
(403, 'pepacho1', '9999999999', 'pollo', '2645819065', 'dsaf-cp.-com.com.ar', '5'),
(404, 'FacundoP', '40728688000', 'Domicilio de mentira 222', '154444444', 'C@c.com', '154444444'),
(405, 'Daniel ', '20204898775', 'dfsk', '34244546456', 'h@h.com', 'Pedro'),
(406, 'jhjh', '7777777777', 'jhjk', '2644673114', 'p@h.com', 'Pedro');




CREATE TABLE `estudios` (
  `id` int(11) NOT NULL,
  `id_area` int(11) DEFAULT NULL,
  `nombre_estudio` varchar(255) DEFAULT NULL,
  `descripcion` varchar(255) DEFAULT NULL
) ENGINE=InnoDB DEFAULT CHARSET=utf8mb4 COLLATE=utf8mb4_general_ci;


INSERT INTO `estudios` (`id`, `id_area`, `nombre_estudio`, `descripcion`) VALUES
(1, 1, 'ELECTROCARDIOGRAMA', NULL),
(2, 1, 'ERGOMETRIA', NULL),
(3, 2, 'INFORME CLINICO', NULL),
(4, 3, 'AUDIOMETRIA', NULL),
(5, 4, 'ANALISIS CLINICO', NULL),
(6, 5, 'ESPIROMETRIA', NULL),
(7, 6, 'ODONTOGRAMA', NULL),
(8, 7, 'EX.CON F/O', NULL),
(9, 8, 'INFORME PSICOTECNICO', NULL),
(10, 9, 'RX COL LS', NULL),
(11, 9, 'RX COL CERVICAL', NULL),
(12, 9, 'RX TORAX', NULL),
(13, 9, 'RX RODILLA', NULL),
(14, 9, 'RX PIE', NULL),
(15, 10, 'ELECTROENCEFALOGRAMA', NULL),
(16, 1, 'VALORACION CARDIOVASCULAR', NULL),
(17, 7, 'EX. SIN F/O', NULL),
(18, 7, 'EX. AG. VISUAL + TEST DE COLORES', NULL),
(19, 2, 'MASCARA DE PROTECCION RESPIRATORIA', NULL),
(20, 9, 'RX FNP', NULL),
(21, 9, 'RX MNP', NULL),
(22, 9, 'RX MANOS FYP', NULL),
(23, 1, 'ECOCARDIOGRAMA', NULL),
(24, 0, 'RX', 'RX NATEBRAZOS FYP'),
(25, 9, 'RX ANTEBRAZOS FYP', NULL);




CREATE TABLE `fact_asistencia_estaciones` (
  `id` int(11) NOT NULL,
  `id_turno` int(11) NOT NULL,
  `id_area_atendida` int(11) NOT NULL,
  `created_at` datetime DEFAULT current_timestamp()
) ENGINE=InnoDB DEFAULT CHARSET=utf8mb4 COLLATE=utf8mb4_general_ci;


INSERT INTO `fact_asistencia_estaciones` (`id`, `id_turno`, `id_area_atendida`, `created_at`) VALUES
(1, 11, 1, '2023-11-25 16:35:08'),
(3, 11, 10, '2023-11-25 16:37:20');




CREATE TABLE `fact_ddjj` (
  `id` int(11) DEFAULT NULL,
  `ddjj_id` int(11) DEFAULT NULL,
  `paciente_id` int(11) DEFAULT NULL,
  `empresa_id` int(11) DEFAULT NULL,
  `token_ddjj` varchar(150) DEFAULT NULL
) ENGINE=InnoDB DEFAULT CHARSET=utf8mb4 COLLATE=utf8mb4_general_ci;




CREATE TABLE `fact_informe_area` (
  `id` int(11) NOT NULL,
  `id_informe` int(11) NOT NULL,
  `token_archivo` varchar(150) NOT NULL
) ENGINE=InnoDB DEFAULT CHARSET=utf8mb4 COLLATE=utf8mb4_general_ci;


INSERT INTO `fact_informe_area` (`id`, `id_informe`, `token_archivo`) VALUES
(1, 3, 'Jn9QPoLoxZIh24fuG4lG'),
(2, 4, 'RO83wglH4kXLeWRnH5Wt'),
(3, 5, 'iwgEAEwvDXc6k7yOBnpQ'),
(4, 6, 'Zbid35yc7nrYRTw08LDe'),
(5, 7, 'lwxxuKw2rF8rOdt1l6t9'),
(6, 8, 'E9euExtpWXNwQ5jVDWLU'),
(7, 9, 'y7Ml1LPuYfx0kNN0FmO5'),
(8, 10, 'Jjy7uBwBNNyNTJHMNUKk'),
(9, 11, 'n9Lxf8VoUQXPoJ6UvuCh'),
(10, 12, 'ODNTocjykxcdhMbHdfFP'),
(11, 13, 'ArVfT7XaZc63Tc0hx0DM'),
(12, 14, 'BqAtE2MgmDS6thiCcx9Z'),
(13, 15, '1gAs0HDbFESfD3IRVF4n'),
(14, 16, 'wonLK4EOCArBcofHKoEw'),
(15, 17, '7eaCUQTENmBV9Mt8OhIG'),
(16, 18, 'XfwCKSbRsKztWCJsBwJI'),
(17, 19, 'I365f124Tqk01DoaMoKV'),
(18, 20, 'NeZg60CuMOt7tbqeeUTa'),
(19, 21, 'w3GHIhyksil8Ayu14Z4b'),
(20, 22, 'GDTUq4Fj0f4bHepTzUor'),
(21, 23, 'PfrGVjh2qCTMwkleGd98'),
(22, 24, 'nmkXgUiOM0rFsRxCBdfY'),
(23, 25, 'C62Sr6ntBSSE1NEL213Z'),
(24, 26, 'NnIzTXEAyAO31bQi6RM8'),
(25, 27, 'LS8W2OawAkykcjev7oRK'),
(26, 28, 'by3814PGHrjRiROByMJC'),
(27, 29, 'tr4gNAvrfv4Uip24VSTI'),
(28, 30, 'zsrsHqevJyDHwECB4Bl3'),
(29, 31, 'eRQmUn9wJ11YWXDRi23A'),
(30, 32, 'plhpL8AOuMPw2wNAlgJG'),
(31, 33, '6ELSYBk9PvXxbk2zsIiI'),
(32, 34, 'ysMLDPwn0XuxsLcM8Ab4'),
(33, 35, 'JUSF2WNApPsZ9JxmdAMY'),
(34, 36, 'OrcSqU6LBMQm5PlADe4p'),
(35, 37, 'fHzDVXvzTLbR4o1CQxFs'),
(36, 38, 'l9yrwTono6SrFhaxxgOJ'),
(37, 39, 'CgunjnbuZvSXJHolKiPb'),
(38, 40, 'UAQenmYCAKMqNdUOpvcO'),
(39, 41, 'PmecZBJdOvHQDH9z5K2E'),
(40, 42, 'iORVgloM8XgcL87Qm2Xv'),
(41, 43, 'ljNHuY4Ejwezmm1RjdHS'),
(42, 44, 'sZJxEk3ZW2zuCKbsaXNp'),
(43, 45, 'vY3gXB5AVNbxnlt8jSPe'),
(44, 46, 'o5udTCJOVLTqhFO83ovv'),
(45, 47, 'FMC3OUhwVeIVK3jkitXf'),
(46, 48, '1SY9YOlJ2CK4cYwOS0j0'),
(47, 49, 'J2ygWp9O6jIOiIF0wrqr'),
(48, 50, 'UyQBaAVD3SkWzjDLW0wI');




CREATE TABLE `fact_tipo_ficha` (
  `id` int(11) NOT NULL,
  `tipo_ficha_id` int(11) DEFAULT NULL,
  `area_id` int(11) DEFAULT NULL,
  `estudio_id` int(11) DEFAULT NULL
) ENGINE=InnoDB DEFAULT CHARSET=utf8mb4 COLLATE=utf8mb4_general_ci;


INSERT INTO `fact_tipo_ficha` (`id`, `tipo_ficha_id`, `area_id`, `estudio_id`) VALUES
(1, 1, 1, 1),
(2, 1, 2, 3),
(3, 1, 4, 5),
(4, 1, 9, 12),
(5, 2, 1, 1),
(6, 2, 2, 3),
(7, 2, 4, 5),
(8, 2, 3, 4),
(9, 2, 5, 6),
(10, 2, 9, 12),
(11, 2, 9, 10),
(12, 3, 2, 3),
(13, 3, 1, 1),
(14, 3, 4, 5),
(15, 3, 5, 6),
(16, 3, 3, 4),
(17, 3, 9, 12),
(18, 3, 9, 10),
(19, 3, 9, 11),
(20, 3, 8, 9),
(21, 4, 2, 3),
(22, 4, 1, 1),
(23, 4, 4, 5),
(24, 4, 5, 6),
(25, 4, 3, 4),
(26, 4, 9, 12),
(27, 4, 9, 10),
(28, 4, 8, 9),
(29, 4, 7, 8),
(30, 4, 6, 7),
(31, 4, 1, 2),
(32, 5, 2, 3),
(33, 5, 1, 1),
(34, 5, 4, 5),
(35, 5, 5, 6),
(36, 5, 3, 4),
(37, 5, 9, 12),
(38, 5, 9, 10),
(39, 5, 7, 8),
(40, 5, 1, 2),
(41, 5, 8, 9),
(42, 5, 6, 7),
(43, 6, 2, 5),
(44, 6, 1, 1),
(45, 6, 4, 5),
(46, 6, 3, 4),
(47, 6, 9, 12),
(48, 6, 9, 10),
(49, 6, 8, 9),
(50, 6, 7, 8),
(51, 6, 10, 15),
(52, 7, 2, 3),
(53, 7, 1, 1),
(54, 7, 4, 5),
(55, 7, 9, 12),
(56, 7, 8, 9),
(57, 8, 2, 3),
(58, 8, 1, 1),
(59, 8, 4, 5),
(60, 8, 9, 10),
(61, 8, 9, 12),
(62, 8, 8, 9),
(63, 8, 10, 15),
(64, 8, 1, 16),
(65, 9, 2, 3),
(66, 9, 1, 1),
(67, 9, 5, 6),
(68, 9, 3, 4),
(69, 9, 9, 12),
(70, 9, 9, 10),
(71, 9, 9, 13),
(72, 9, 9, 11),
(73, 9, 7, 8),
(74, 9, 1, 2),
(75, 9, 8, 9),
(76, 9, 6, 7),
(77, 9, 10, 15),
(78, 10, 2, 5),
(79, 10, 1, 1),
(80, 10, 4, 5),
(81, 10, 3, 4),
(82, 10, 5, 6),
(83, 10, 9, 12),
(84, 10, 9, 10),
(85, 11, 1, 1),
(86, 11, 2, 3),
(87, 11, 3, 4),
(88, 11, 4, 5),
(89, 11, 5, 6),
(90, 11, 10, 15),
(91, 11, 6, 7),
(92, 11, 7, 8),
(93, 11, 8, 9),
(94, 11, 9, 10),
(95, 11, 9, 12),
(96, 12, 1, 1),
(97, 12, 2, 3),
(98, 12, 4, 5),
(99, 12, 9, 12),
(100, 12, 9, 10),
(101, 12, 8, 9),
(102, 12, 10, 15),
(103, 12, 3, 4),
(104, 13, 1, 1),
(105, 13, 2, 3),
(106, 13, 4, 5),
(107, 13, 9, 12),
(108, 14, 2, 3),
(109, 14, 1, 1),
(110, 14, 4, 5),
(111, 14, 9, 12),
(112, 15, 1, 1),
(113, 15, 2, 3),
(114, 15, 9, 12),
(115, 15, 9, 10),
(116, 15, 4, 5),
(117, 16, 1, 1),
(118, 16, 2, 3),
(119, 16, 9, 12),
(120, 16, 9, 10),
(121, 16, 3, 4),
(122, 16, 4, 5),
(123, 17, 2, 3),
(124, 17, 4, 5),
(125, 17, 1, 1),
(126, 17, 9, 12),
(127, 17, 8, 9),
(128, 18, 1, 1),
(129, 18, 2, 3),
(130, 18, 3, 4),
(131, 18, 4, 5),
(132, 18, 5, 6),
(133, 18, 6, 7),
(134, 18, 7, 8),
(135, 18, 8, 9),
(136, 18, 9, 10),
(137, 18, 9, 12),
(138, 18, 1, 2),
(139, 18, 2, 19),
(140, 19, 1, 1),
(141, 19, 2, 3),
(142, 19, 3, 4),
(143, 19, 4, 5),
(144, 19, 9, 12),
(145, 19, 9, 10),
(146, 20, 1, 1),
(147, 20, 2, 3),
(148, 20, 3, 4),
(149, 20, 4, 5),
(150, 20, 5, 6),
(151, 20, 9, 12),
(152, 20, 9, 10),
(153, 20, 8, 9),
(154, 20, 10, 15),
(155, 21, 1, 1),
(156, 21, 2, 3),
(157, 21, 4, 5),
(158, 21, 9, 12),
(159, 22, 1, 1),
(160, 22, 2, 3),
(161, 22, 4, 5),
(162, 22, 8, 9),
(163, 22, 9, 12),
(164, 23, 1, 1),
(165, 23, 2, 3),
(166, 23, 3, 4),
(167, 23, 4, 5),
(168, 23, 10, 15),
(169, 23, 9, 12),
(170, 23, 8, 9),
(171, 24, 1, 1),
(172, 24, 2, 3),
(173, 24, 4, 5),
(174, 24, 9, 12),
(175, 24, 5, 6),
(176, 25, 4, 5),
(177, 26, 1, 1),
(178, 26, 2, 3),
(179, 26, 4, 5),
(180, 26, 9, 12),
(181, 26, 9, 10),
(182, 26, 3, 4),
(183, 27, 2, 3),
(184, 27, 1, 1),
(185, 27, 4, 5),
(186, 27, 5, 6),
(187, 27, 3, 4),
(188, 27, 9, 12),
(189, 27, 9, 10),
(190, 27, 9, 11),
(191, 28, 1, 1),
(192, 28, 2, 3),
(193, 28, 4, 5),
(194, 28, 9, 12),
(195, 28, 3, 4),
(196, 29, 1, 1),
(197, 29, 2, 3),
(198, 29, 9, 12),
(199, 29, 9, 10),
(200, 29, 3, 4),
(201, 29, 8, 9),
(202, 29, 4, 5),
(203, 30, 4, 5),
(204, 31, 1, 1),
(205, 31, 2, 3),
(206, 31, 9, 12),
(207, 31, 4, 5),
(208, 31, 3, 4),
(209, 32, 1, 1),
(210, 32, 2, 3),
(211, 32, 9, 12),
(212, 32, 4, 5),
(213, 33, 1, 1),
(214, 33, 2, 3),
(215, 33, 10, 15),
(216, 33, 9, 12),
(217, 33, 4, 5),
(218, 33, 8, 9),
(219, 34, 1, 1),
(220, 34, 2, 3),
(221, 34, 3, 4),
(222, 34, 4, 5),
(223, 34, 5, 6),
(224, 34, 6, 7),
(225, 34, 7, 8),
(226, 34, 8, 9),
(227, 34, 9, 12),
(228, 34, 9, 10),
(229, 34, 1, 2),
(230, 35, 1, 1),
(231, 35, 2, 3),
(232, 35, 4, 5),
(233, 35, 9, 12),
(234, 36, 1, 1),
(235, 36, 2, 3),
(236, 36, 3, 4),
(237, 36, 4, 5),
(238, 36, 5, 6),
(239, 36, 10, 15),
(240, 36, 8, 9),
(241, 36, 9, 12),
(242, 36, 9, 10),
(243, 10, 8, 9),
(244, 10, 10, 15),
(245, 10, 1, 2),
(246, 37, 2, 3),
(247, 38, 4, 5),
(248, 38, 1, 1),
(249, 38, 2, 3),
(250, 38, 3, 4),
(251, 38, 5, 6),
(252, 38, 8, 9),
(253, 38, 9, 12),
(254, 39, 1, 1),
(255, 39, 2, 3),
(256, 39, 3, 4),
(257, 39, 4, 5),
(258, 39, 5, 6),
(259, 39, 9, 12),
(260, 39, 9, 10),
(261, 39, 8, 9),
(262, 39, 1, 2),
(263, 39, 9, 11),
(264, 40, 1, 1),
(265, 40, 2, 3),
(266, 40, 4, 5),
(267, 40, 9, 12),
(268, 40, 5, 6),
(269, 40, 8, 9),
(270, 41, 3, 4),
(271, 41, 9, 10),
(272, 42, 2, 3),
(273, 42, 1, 1),
(274, 42, 4, 5),
(275, 42, 9, 12),
(276, 42, 9, 10),
(277, 42, 3, 4),
(278, 42, 5, 6),
(279, 42, 5, 15),
(280, 43, 1, 1),
(281, 43, 4, 5),
(282, 43, 2, 3),
(283, 43, 9, 12),
(284, 43, 9, 10),
(285, 43, 8, 9),
(286, 43, 10, 15),
(287, 24, 3, 4),
(288, 12, 9, 11),
(289, 44, 1, 1),
(290, 44, 2, 3),
(291, 44, 4, 5),
(292, 44, 9, 12),
(293, 44, 9, 10),
(294, 44, 3, 4),
(295, 44, 5, 6),
(296, 45, 2, 3),
(297, 46, 1, 1),
(298, 46, 2, 3),
(299, 46, 3, 4),
(300, 46, 5, 6),
(301, 46, 8, 9),
(302, 46, 9, 12),
(303, 46, 9, 10),
(304, 46, 10, 15),
(305, 47, 1, 1),
(306, 47, 2, 3),
(307, 47, 3, 4),
(308, 47, 4, 5),
(309, 47, 10, 15),
(310, 47, 7, 18),
(311, 47, 8, 9),
(312, 47, 9, 12),
(313, 47, 9, 10),
(314, 47, 9, 11),
(315, 48, 2, 3),
(316, 48, 1, 1),
(317, 48, 4, 5),
(318, 48, 9, 12),
(319, 48, 9, 10),
(320, 49, 5, 6),
(321, 50, 1, 2),
(322, 50, 4, 5),
(323, 51, 1, 1),
(324, 51, 2, 3),
(325, 51, 4, 5),
(326, 51, 3, 4),
(327, 51, 5, 6),
(328, 51, 9, 12),
(329, 51, 9, 10),
(330, 51, 9, 13),
(331, 52, 4, 3),
(332, 52, 6, 7),
(333, 52, 1, 2),
(334, 52, 7, 17),
(335, 53, 1, 1),
(336, 53, 2, 3),
(337, 53, 4, 5),
(338, 53, 9, 12),
(339, 53, 9, 10),
(340, 53, 8, 9),
(341, 53, 3, 4),
(342, 53, 5, 6),
(343, 54, 2, 3),
(344, 54, 9, 10),
(345, 54, 9, 12),
(346, 54, 4, 5),
(347, 54, 1, 1),
(348, 54, 3, 4),
(349, 54, 5, 6),
(350, 54, 8, 9),
(351, 54, 10, 15),
(352, 55, 1, 1),
(353, 55, 2, 3),
(354, 55, 4, 5),
(355, 55, 10, 15),
(356, 55, 3, 4),
(357, 55, 9, 12),
(358, 55, 9, 10),
(359, 55, 8, 9),
(360, 56, 4, 5),
(361, 56, 1, 1),
(362, 56, 10, 15),
(363, 56, 3, 4),
(364, 56, 7, 18),
(365, 56, 9, 12),
(366, 56, 9, 10),
(367, 56, 8, 9),
(368, 57, 2, 3),
(369, 57, 4, 5),
(370, 57, 9, 12),
(371, 57, 9, 10),
(372, 57, 7, 18),
(373, 57, 3, 4),
(374, 57, 1, 1),
(375, 57, 1, 2),
(376, 57, 10, 15),
(377, 57, 8, 9),
(378, 58, 2, 3),
(379, 58, 4, 5),
(380, 59, 10, 15),
(381, 59, 8, 9),
(382, 59, 9, 12),
(383, 60, 1, 1),
(384, 60, 2, 3),
(385, 60, 9, 12),
(386, 60, 4, 5),
(387, 60, 3, 4),
(388, 60, 8, 9),
(389, 61, 1, 1),
(390, 61, 2, 3),
(391, 61, 4, 5),
(392, 61, 10, 15),
(393, 61, 9, 12),
(394, 62, 1, 1),
(395, 62, 2, 3),
(396, 62, 4, 5),
(397, 62, 9, 12),
(398, 62, 5, 6),
(399, 63, 7, 18),
(400, 64, 1, 1),
(401, 64, 2, 3),
(402, 64, 3, 4),
(403, 64, 5, 6),
(404, 64, 10, 15),
(405, 64, 8, 9),
(406, 64, 9, 12),
(407, 64, 9, 10),
(408, 66, 3, 4),
(409, 66, 8, 9),
(410, 66, 9, 10),
(411, 67, 1, 1),
(412, 67, 2, 3),
(413, 67, 9, 12),
(414, 67, 4, 5),
(415, 67, 9, 10),
(416, 67, 7, 18),
(417, 67, 8, 9),
(418, 68, 1, 1),
(419, 68, 2, 3),
(420, 68, 3, 4),
(421, 68, 4, 5),
(422, 68, 9, 12),
(423, 68, 9, 10),
(424, 68, 9, 11),
(425, 68, 10, 15),
(426, 68, 7, 18),
(427, 68, 8, 9),
(428, 69, 1, 1),
(429, 69, 2, 3),
(430, 69, 9, 12),
(431, 69, 4, 5),
(432, 69, 3, 4),
(433, 69, 7, 18),
(434, 70, 3, 4),
(435, 71, 1, 1),
(436, 71, 9, 12),
(437, 72, 8, 9),
(438, 73, 1, 15),
(439, 73, 2, 3),
(440, 73, 10, 15),
(441, 73, 3, 4),
(442, 73, 9, 12),
(443, 73, 9, 10),
(444, 73, 9, 13),
(445, 73, 4, 5),
(446, 73, 8, 9),
(447, 74, 2, 3),
(448, 74, 1, 1),
(449, 74, 3, 4),
(450, 74, 5, 6),
(451, 74, 9, 12),
(452, 74, 9, 10),
(453, 74, 4, 5),
(454, 74, 8, 9),
(455, 74, 10, 15),
(456, 74, 7, 18),
(457, 75, 1, 1),
(458, 75, 2, 3),
(459, 75, 3, 4),
(460, 75, 5, 6),
(461, 75, 10, 15),
(462, 75, 7, 18),
(463, 75, 9, 12),
(464, 75, 9, 10),
(465, 75, 1, 2),
(466, 76, 1, 1),
(467, 76, 2, 3),
(468, 76, 3, 4),
(469, 76, 9, 12),
(470, 76, 9, 10),
(471, 76, 5, 6),
(472, 76, 8, 9),
(473, 76, 10, 15),
(474, 76, 4, 5),
(475, 75, 4, 5),
(476, 77, 1, 1),
(477, 77, 2, 3),
(478, 77, 9, 12),
(479, 77, 9, 10),
(480, 77, 4, 5),
(481, 77, 3, 4),
(482, 77, 5, 6),
(483, 74, 9, 11),
(484, 78, 2, 3),
(485, 78, 7, 18),
(486, 78, 1, 1),
(487, 78, 9, 12),
(488, 78, 9, 10),
(489, 78, 9, 11),
(490, 78, 3, 4),
(491, 78, 10, 15),
(492, 78, 8, 9),
(493, 78, 4, 5),
(494, 79, 1, 1),
(495, 79, 2, 3),
(496, 79, 4, 5),
(497, 79, 9, 12),
(498, 79, 9, 10),
(499, 79, 9, 11),
(500, 79, 3, 4),
(501, 80, 1, 1),
(502, 80, 2, 3),
(503, 80, 10, 15),
(504, 80, 3, 4),
(505, 80, 9, 12),
(506, 80, 9, 10),
(507, 80, 9, 13),
(508, 80, 4, 5),
(509, 80, 8, 9),
(510, 81, 4, 5),
(511, 81, 9, 12),
(512, 82, 1, 1),
(513, 82, 1, 2),
(514, 82, 3, 4),
(515, 82, 5, 6),
(516, 82, 4, 5),
(517, 82, 2, 3),
(518, 82, 9, 12),
(519, 82, 9, 10),
(520, 83, 4, 5),
(521, 83, 8, 9),
(522, 65, 6, 7),
(523, 84, 1, 1),
(524, 84, 2, 3),
(525, 85, 1, 1),
(526, 85, 2, 3),
(527, 85, 4, 5),
(528, 85, 3, 4),
(529, 85, 7, 18),
(530, 85, 9, 12),
(531, 85, 9, 10),
(532, 85, 9, 11),
(533, 85, 8, 9),
(534, 85, 6, 7),
(535, 86, 5, 6),
(536, 86, 8, 9),
(537, 86, 1, 2),
(538, 87, 1, 1),
(539, 87, 2, 3),
(540, 87, 3, 4),
(541, 87, 10, 15),
(542, 87, 4, 5),
(543, 87, 8, 9),
(544, 87, 9, 12),
(545, 87, 9, 10),
(546, 87, 9, 11),
(547, 88, 1, 1),
(548, 88, 2, 3),
(549, 88, 4, 5),
(550, 88, 3, 4),
(551, 88, 5, 6),
(552, 88, 9, 12),
(553, 88, 9, 10),
(554, 88, 10, 15),
(555, 88, 7, 18),
(556, 88, 8, 9),
(557, 88, 1, 2),
(558, 89, 1, 1),
(559, 89, 2, 3),
(560, 89, 9, 12),
(561, 89, 9, 10),
(562, 89, 9, 11),
(563, 89, 5, 6),
(564, 89, 3, 4),
(565, 89, 4, 5),
(566, 89, 10, 15),
(567, 90, 1, 1),
(568, 90, 2, 3),
(569, 90, 4, 5),
(570, 90, 7, 8),
(571, 90, 9, 12),
(572, 90, 9, 10),
(573, 90, 9, 11),
(574, 90, 3, 4),
(575, 90, 10, 15),
(576, 90, 8, 9),
(577, 91, 2, 3),
(578, 91, 1, 1),
(579, 91, 9, 10),
(580, 91, 9, 12),
(581, 91, 4, 5),
(582, 91, 3, 4),
(583, 91, 5, 6),
(584, 91, 10, 15),
(585, 91, 1, 2),
(586, 91, 8, 9),
(587, 92, 2, 3),
(588, 92, 7, 18),
(589, 92, 4, 5),
(590, 92, 3, 4),
(591, 92, 9, 12),
(592, 92, 9, 10),
(593, 92, 1, 1),
(594, 92, 1, 2),
(595, 92, 8, 9),
(596, 92, 5, 6),
(597, 92, 10, 15),
(598, 93, 1, 1),
(599, 93, 2, 3),
(600, 93, 4, 5),
(601, 93, 9, 12),
(602, 93, 9, 11),
(603, 94, 1, 1),
(604, 94, 2, 3),
(605, 94, 4, 5),
(606, 94, 9, 12),
(607, 94, 3, 4),
(608, 94, 10, 15),
(609, 94, 8, 9),
(610, 95, 1, 1),
(611, 95, 1, 2),
(612, 95, 2, 3),
(613, 95, 3, 4),
(614, 95, 4, 5),
(615, 95, 5, 6),
(616, 95, 10, 15),
(617, 95, 9, 12),
(618, 95, 9, 10),
(619, 96, 1, 1),
(620, 96, 2, 3),
(621, 96, 9, 12),
(622, 96, 9, 10),
(623, 96, 4, 5),
(624, 96, 5, 6),
(625, 97, 1, 1),
(626, 97, 2, 3),
(627, 97, 3, 4),
(628, 97, 5, 6),
(629, 97, 9, 12),
(630, 97, 9, 10),
(631, 97, 4, 5),
(632, 97, 10, 15),
(633, 97, 1, 2),
(634, 32, 8, 9),
(635, 98, 2, 3),
(636, 98, 1, 1),
(637, 98, 4, 5),
(638, 98, 3, 4),
(639, 98, 5, 6),
(640, 98, 9, 12),
(641, 98, 9, 10),
(642, 98, 8, 9),
(643, 99, 1, 1),
(644, 99, 2, 3),
(645, 99, 4, 5),
(646, 99, 9, 12),
(647, 99, 9, 11),
(648, 99, 9, 10),
(649, 99, 8, 9),
(650, 99, 10, 15),
(651, 99, 7, 18),
(652, 99, 3, 4),
(653, 85, 1, 2),
(654, 85, 5, 6),
(655, 100, 1, 1),
(656, 100, 2, 3),
(657, 100, 4, 5),
(658, 100, 9, 12),
(659, 100, 9, 10),
(660, 100, 3, 4),
(661, 100, 8, 9),
(662, 101, 8, 9),
(663, 102, 4, 5),
(664, 102, 2, 3),
(665, 103, 6, 7),
(666, 103, 4, 5),
(667, 104, 10, 15),
(668, 104, 8, 9),
(669, 105, 1, 1),
(670, 105, 2, 3),
(671, 105, 5, 6),
(672, 105, 9, 12),
(673, 105, 4, 5),
(674, 105, 9, 10),
(675, 106, 1, 1),
(676, 106, 1, 2),
(677, 106, 4, 5),
(678, 106, 2, 3),
(679, 106, 3, 4),
(680, 106, 9, 12),
(681, 106, 9, 11),
(682, 106, 9, 10),
(683, 106, 8, 9),
(684, 106, 5, 6),
(685, 106, 10, 15),
(686, 107, 10, 15),
(687, 107, 8, 9),
(688, 107, 7, 8),
(689, 108, 1, 1),
(690, 108, 2, 3),
(691, 108, 4, 5),
(692, 108, 9, 12),
(693, 108, 9, 10),
(694, 108, 3, 4),
(695, 108, 10, 15),
(696, 108, 7, 8),
(697, 108, 8, 9),
(698, 109, 1, 2),
(699, 110, 4, 5),
(700, 110, 7, 18),
(701, 110, 2, 3),
(702, 111, 1, 1),
(703, 111, 2, 3),
(704, 111, 7, 18),
(705, 111, 10, 15),
(706, 111, 9, 12),
(707, 111, 9, 10),
(708, 111, 3, 4),
(709, 111, 8, 9),
(710, 112, 1, 1),
(711, 112, 2, 3),
(712, 112, 9, 12),
(713, 112, 9, 10),
(714, 112, 3, 4),
(715, 112, 5, 6),
(716, 112, 4, 5),
(717, 112, 8, 9),
(718, 113, 1, 1),
(719, 113, 2, 3),
(720, 113, 4, 5),
(721, 113, 9, 10),
(722, 113, 9, 12),
(723, 114, 1, 2),
(724, 114, 2, 3),
(725, 114, 4, 5),
(726, 114, 7, 8),
(727, 114, 6, 7),
(728, 8, 3, 4),
(729, 27, 9, 13),
(730, 27, 1, 2),
(731, 27, 7, 8),
(732, 27, 8, 9),
(733, 27, 6, 7),
(734, 27, 10, 15),
(735, 9, 4, 5),
(736, 115, 4, 5),
(737, 115, 1, 1),
(738, 115, 2, 3),
(739, 115, 8, 9),
(740, 115, 9, 10),
(741, 115, 9, 12),
(742, 116, 1, 1),
(743, 116, 2, 3),
(744, 116, 3, 4),
(745, 116, 4, 5),
(746, 116, 9, 10),
(747, 116, 5, 6),
(748, 116, 9, 12),
(749, 117, 2, 3),
(750, 117, 7, 17),
(751, 117, 4, 5),
(752, 118, 2, 3),
(753, 118, 5, 6),
(754, 118, 1, 2),
(755, 119, 1, 1),
(756, 119, 2, 3),
(757, 119, 9, 12),
(758, 119, 9, 10),
(759, 119, 4, 5),
(760, 119, 8, 9),
(761, 119, 7, 8),
(762, 120, 1, 1),
(763, 120, 2, 3),
(764, 120, 4, 5),
(765, 120, 7, 18),
(766, 120, 9, 11),
(767, 120, 3, 4),
(768, 120, 10, 15),
(769, 120, 9, 12),
(770, 121, 1, 1),
(771, 121, 2, 3),
(772, 121, 3, 4),
(773, 121, 4, 5),
(774, 121, 10, 15),
(775, 121, 9, 10),
(776, 121, 9, 11),
(777, 121, 7, 18),
(778, 121, 8, 9),
(779, 121, 9, 12),
(780, 122, 4, 5),
(781, 122, 7, 8),
(782, 122, 6, 7),
(783, 122, 1, 1),
(784, 122, 10, 15),
(785, 122, 9, 12),
(786, 123, 1, 1),
(787, 123, 4, 5),
(788, 123, 2, 3),
(789, 123, 3, 4),
(790, 123, 10, 15),
(791, 123, 8, 9),
(792, 123, 9, 12),
(793, 123, 9, 10),
(794, 94, 9, 10),
(795, 124, 2, 3),
(796, 124, 3, 4),
(797, 125, 6, 7),
(798, 126, 1, 1),
(799, 126, 2, 3),
(800, 126, 4, 5),
(801, 126, 9, 12),
(802, 126, 9, 10),
(803, 127, 9, 10),
(804, 128, 1, 1),
(805, 128, 2, 3),
(806, 128, 3, 4),
(807, 128, 4, 5),
(808, 128, 7, 18),
(809, 128, 9, 11),
(810, 128, 9, 12),
(811, 128, 9, 10),
(812, 129, 7, 18),
(813, 129, 2, 3),
(814, 129, 4, 5),
(815, 130, 2, 3),
(816, 130, 4, 5),
(817, 130, 5, 6),
(818, 130, 9, 12),
(819, 131, 2, 3),
(820, 131, 3, 4),
(821, 132, 2, 3),
(822, 132, 3, 4),
(823, 133, 4, 5),
(824, 133, 3, 4),
(825, 133, 9, 12),
(826, 133, 2, 3),
(827, 134, 3, 4),
(828, 134, 2, 3),
(829, 134, 9, 12),
(830, 135, 2, 3),
(831, 135, 1, 1),
(832, 135, 3, 4),
(833, 135, 4, 5),
(834, 135, 5, 6),
(835, 135, 9, 12),
(836, 135, 9, 10),
(837, 135, 7, 18),
(838, 136, 1, 1),
(839, 136, 2, 3),
(840, 136, 4, 5),
(841, 136, 1, 2),
(842, 136, 3, 4),
(843, 136, 6, 7),
(844, 136, 7, 18),
(845, 136, 9, 11),
(846, 136, 9, 10),
(847, 136, 9, 12),
(848, 136, 9, 11),
(849, 136, 5, 15),
(850, 134, 4, 5),
(851, 137, 1, 1),
(852, 137, 2, 3),
(853, 137, 3, 4),
(854, 137, 4, 5),
(855, 137, 10, 15),
(856, 137, 9, 11),
(857, 137, 9, 10),
(858, 137, 9, 12),
(859, 137, 8, 9),
(860, 137, 7, 18),
(861, 138, 3, 4),
(862, 138, 9, 12),
(863, 138, 5, 6),
(864, 138, 2, 3),
(865, 139, 1, 1),
(866, 139, 5, 6),
(867, 139, 4, 5),
(868, 140, 2, 3),
(869, 140, 1, 1),
(870, 140, 4, 5),
(871, 140, 9, 12),
(872, 140, 9, 11),
(873, 140, 9, 10),
(874, 140, 7, 18),
(875, 141, 2, 3),
(876, 141, 3, 4),
(877, 141, 5, 6),
(878, 141, 9, 12),
(879, 141, 4, 5),
(880, 142, 3, 4),
(881, 142, 2, 3),
(882, 142, 9, 12),
(883, 142, 4, 5),
(884, 143, 5, 6),
(885, 143, 10, 15),
(886, 144, 4, 5),
(887, 144, 1, 1),
(888, 144, 9, 10),
(889, 144, 9, 12),
(890, 144, 2, 3),
(891, 145, 2, 3),
(892, 145, 1, 1),
(893, 145, 4, 5),
(894, 145, 3, 4),
(895, 145, 9, 12),
(896, 145, 9, 10),
(897, 145, 9, 11),
(898, 145, 7, 18),
(899, 145, 8, 9),
(900, 145, 10, 15),
(901, 146, 1, 1),
(902, 146, 2, 3),
(903, 146, 4, 5),
(904, 146, 9, 12),
(905, 146, 9, 11),
(906, 146, 9, 10),
(907, 146, 3, 4),
(908, 146, 1, 2),
(909, 146, 5, 6),
(910, 146, 9, 13),
(911, 147, 1, 1),
(912, 147, 4, 5),
(913, 147, 3, 4),
(914, 147, 7, 17),
(915, 148, 1, 1),
(916, 148, 2, 3),
(917, 148, 4, 5),
(918, 148, 9, 10),
(919, 148, 9, 12),
(920, 148, 9, 11),
(921, 149, 2, 3),
(922, 149, 5, 6),
(923, 149, 9, 12),
(924, 43, 7, 18),
(925, 150, 2, 3),
(926, 150, 4, 5),
(927, 150, 7, 18),
(928, 151, 1, 1),
(929, 151, 2, 3),
(930, 151, 4, 5),
(931, 151, 10, 15),
(932, 151, 7, 18),
(933, 151, 8, 9),
(934, 151, 9, 12),
(935, 151, 9, 10),
(936, 152, 2, 3),
(937, 152, 7, 18),
(938, 152, 4, 5),
(939, 153, 7, 18),
(940, 153, 9, 10),
(941, 153, 8, 9),
(942, 153, 10, 15),
(943, 154, 2, 3),
(944, 154, 9, 12),
(945, 154, 9, 10),
(946, 154, 1, 1),
(947, 154, 1, 2),
(948, 154, 7, 8),
(949, 154, 4, 5),
(950, 154, 5, 6),
(951, 154, 3, 4),
(952, 155, 1, 1),
(953, 155, 2, 3),
(954, 155, 7, 18),
(955, 155, 4, 5),
(956, 155, 9, 11),
(957, 155, 9, 12),
(958, 156, 4, 5),
(959, 156, 5, 6),
(960, 157, 1, 1),
(961, 157, 2, 3),
(962, 157, 3, 4),
(963, 157, 4, 5),
(964, 157, 9, 10),
(965, 157, 9, 12),
(966, 158, 1, 1),
(967, 158, 2, 3),
(968, 158, 3, 4),
(969, 158, 4, 5),
(970, 158, 5, 6),
(971, 158, 8, 9),
(972, 158, 9, 12),
(973, 158, 9, 10),
(974, 159, 1, 1),
(975, 159, 1, 2),
(976, 159, 2, 3),
(977, 160, 2, 3),
(978, 160, 1, 1),
(979, 160, 5, 6),
(980, 162, 4, 5),
(981, 162, 2, 3),
(982, 162, 5, 6),
(983, 162, 9, 12),
(984, 163, 1, 1),
(985, 163, 2, 3),
(986, 163, 4, 5),
(987, 163, 7, 18),
(988, 163, 5, 6),
(989, 163, 3, 4),
(990, 163, 9, 12),
(991, 163, 9, 10),
(992, 163, 8, 9),
(993, 162, 9, 10),
(994, 162, 9, 22),
(995, 162, 9, 20),
(996, 162, 9, 21),
(997, 164, 2, 3),
(998, 164, 5, 6),
(999, 164, 1, 1),
(1000, 165, 1, 1),
(1001, 165, 2, 3),
(1002, 165, 9, 10),
(1003, 165, 9, 12),
(1004, 165, 4, 5),
(1005, 165, 10, 15),
(1006, 165, 8, 9),
(1007, 166, 1, 1),
(1008, 166, 2, 3),
(1009, 166, 4, 5),
(1010, 166, 9, 10),
(1011, 166, 9, 12),
(1012, 166, 7, 8),
(1013, 166, 10, 15),
(1014, 166, 3, 4),
(1015, 167, 2, 3),
(1016, 167, 4, 5),
(1017, 167, 9, 12),
(1018, 168, 9, 10),
(1019, 168, 3, 4),
(1020, 168, 10, 15),
(1021, 168, 7, 8),
(1022, 169, 2, 3),
(1023, 169, 1, 1),
(1024, 169, 5, 6),
(1025, 169, 3, 4),
(1026, 169, 9, 12),
(1027, 169, 7, 8),
(1028, 169, 1, 2),
(1029, 169, 8, 9),
(1030, 169, 6, 7),
(1031, 169, 4, 5),
(1032, 170, 2, 3),
(1033, 170, 1, 1),
(1034, 170, 5, 6),
(1035, 170, 3, 4),
(1036, 170, 9, 12),
(1037, 170, 7, 8),
(1038, 170, 8, 9),
(1039, 170, 6, 7),
(1040, 170, 4, 5),
(1041, 171, 4, 5),
(1042, 171, 1, 1),
(1043, 171, 1, 2),
(1044, 172, 4, 5),
(1045, 172, 1, 1),
(1046, 173, 1, 1),
(1047, 173, 2, 3),
(1048, 173, 5, 6),
(1049, 173, 1, 2),
(1050, 174, 1, 1),
(1051, 174, 2, 3),
(1052, 174, 4, 5),
(1053, 174, 10, 15),
(1054, 174, 8, 9),
(1055, 174, 9, 11),
(1056, 174, 9, 10),
(1057, 174, 9, 12),
(1058, 175, 1, 1),
(1059, 175, 1, 2),
(1060, 175, 4, 5),
(1061, 175, 9, 12),
(1062, 175, 9, 10),
(1063, 175, 5, 6),
(1064, 175, 3, 4),
(1065, 175, 8, 9),
(1066, 175, 10, 15),
(1067, 175, 2, 3),
(1068, 176, 1, 1),
(1069, 176, 2, 3),
(1070, 176, 9, 10),
(1071, 176, 9, 12),
(1072, 176, 4, 5),
(1073, 163, 10, 15),
(1074, 154, 8, 9),
(1075, 154, 6, 7),
(1076, 177, 2, 3),
(1077, 177, 1, 1),
(1078, 177, 4, 5),
(1079, 177, 9, 11),
(1080, 177, 9, 10),
(1081, 177, 9, 12),
(1082, 177, 5, 6),
(1083, 177, 10, 15),
(1084, 177, 8, 9),
(1085, 177, 3, 4),
(1086, 178, 1, 1),
(1087, 178, 2, 3),
(1088, 178, 4, 5),
(1089, 178, 9, 13),
(1090, 178, 9, 10),
(1091, 178, 9, 12),
(1092, 178, 8, 9),
(1093, 178, 3, 4),
(1094, 178, 10, 15),
(1095, 179, 1, 1),
(1096, 179, 4, 5),
(1097, 179, 2, 3),
(1098, 179, 8, 9),
(1099, 179, 5, 6),
(1100, 179, 3, 4),
(1101, 179, 9, 10),
(1102, 179, 9, 12),
(1103, 179, 7, 8),
(1104, 179, 6, 7),
(1105, 179, 1, 2),
(1106, 180, 1, 1),
(1107, 180, 2, 3),
(1108, 180, 9, 12),
(1109, 180, 4, 5),
(1110, 181, 2, 3),
(1111, 181, 9, 10),
(1112, 181, 9, 12),
(1113, 181, 3, 4),
(1114, 181, 4, 5),
(1115, 181, 5, 6),
(1116, 181, 1, 1),
(1117, 181, 10, 15),
(1118, 181, 7, 8),
(1119, 181, 8, 9),
(1120, 182, 1, 1),
(1121, 182, 2, 3),
(1122, 182, 3, 4),
(1123, 182, 4, 5),
(1124, 182, 5, 6),
(1125, 182, 10, 15),
(1126, 182, 7, 8),
(1127, 182, 1, 2),
(1128, 182, 9, 10),
(1129, 182, 9, 12),
(1130, 182, 8, 9),
(1131, 183, 2, 3),
(1132, 183, 4, 5),
(1133, 170, 9, 10),
(1134, 170, 1, 2),
(1135, 169, 9, 10),
(1136, 184, 4, 5),
(1137, 185, 1, 1),
(1138, 185, 2, 3),
(1139, 185, 4, 5),
(1140, 185, 9, 12),
(1141, 185, 9, 10),
(1142, 185, 3, 4),
(1143, 187, 3, 4),
(1144, 187, 10, 15),
(1145, 187, 8, 9),
(1146, 188, 1, 1),
(1147, 188, 2, 3),
(1148, 188, 3, 4),
(1149, 188, 4, 5),
(1150, 188, 9, 10),
(1151, 188, 9, 12),
(1152, 189, 1, 1),
(1153, 189, 1, 2),
(1154, 189, 3, 4),
(1155, 189, 5, 6),
(1156, 189, 9, 12),
(1157, 189, 9, 10),
(1158, 189, 4, 5),
(1159, 189, 2, 3),
(1160, 189, 10, 15),
(1161, 189, 8, 9),
(1162, 189, 7, 18),
(1163, 46, 4, 5),
(1164, 190, 1, 1),
(1165, 190, 1, 2),
(1166, 190, 2, 3),
(1167, 190, 4, 5),
(1168, 190, 3, 4),
(1169, 190, 5, 6),
(1170, 190, 9, 12),
(1171, 190, 9, 10),
(1172, 190, 9, 11),
(1173, 191, 4, 5),
(1174, 191, 2, 3),
(1175, 191, 9, 12),
(1176, 191, 9, 10),
(1177, 191, 3, 4),
(1178, 191, 5, 6),
(1179, 191, 1, 1),
(1180, 191, 8, 9),
(1181, 147, 8, 9),
(1182, 192, 2, 3),
(1183, 192, 9, 12),
(1184, 192, 9, 10),
(1185, 192, 4, 5),
(1186, 192, 1, 1),
(1187, 192, 3, 4),
(1188, 192, 5, 6),
(1189, 192, 10, 15),
(1190, 193, 1, 1),
(1191, 193, 2, 3),
(1192, 193, 4, 5),
(1193, 193, 9, 10),
(1194, 193, 9, 13),
(1195, 193, 9, 12),
(1196, 147, 9, 12),
(1197, 194, 1, 1),
(1198, 194, 2, 3),
(1199, 194, 4, 5),
(1200, 194, 9, 10),
(1201, 194, 9, 12),
(1202, 194, 7, 18),
(1203, 195, 10, 15),
(1204, 195, 4, 5),
(1205, 196, 1, 1),
(1206, 196, 2, 3),
(1207, 196, 9, 10),
(1208, 196, 9, 12),
(1209, 196, 3, 4),
(1210, 196, 5, 6),
(1211, 196, 8, 9),
(1212, 196, 10, 15),
(1213, 196, 1, 2),
(1214, 196, 4, 5),
(1215, 197, 1, 1),
(1216, 197, 1, 2),
(1217, 197, 2, 3),
(1218, 197, 9, 12),
(1219, 197, 9, 10),
(1220, 197, 5, 6),
(1221, 197, 4, 5),
(1222, 198, 9, 12),
(1223, 198, 9, 10),
(1224, 198, 4, 5),
(1225, 198, 1, 1),
(1226, 198, 1, 2),
(1227, 198, 10, 15),
(1228, 198, 7, 18),
(1229, 171, 2, 3),
(1230, 199, 1, 1),
(1231, 199, 2, 3),
(1232, 199, 3, 4),
(1233, 199, 4, 5),
(1234, 199, 9, 12),
(1235, 199, 9, 10),
(1236, 199, 5, 6),
(1237, 199, 10, 15),
(1238, 199, 1, 2),
(1239, 199, 8, 9),
(1240, 200, 2, 3),
(1241, 200, 4, 5),
(1242, 200, 8, 9),
(1243, 200, 9, 11),
(1244, 200, 9, 10),
(1245, 201, 1, 1),
(1246, 201, 2, 3),
(1247, 201, 4, 5),
(1248, 201, 9, 12),
(1249, 201, 9, 10),
(1250, 201, 9, 13),
(1251, 200, 9, 12),
(1252, 200, 3, 4),
(1253, 200, 5, 6),
(1254, 200, 1, 1),
(1255, 202, 4, 5),
(1256, 202, 9, 10),
(1257, 203, 1, 1),
(1258, 203, 2, 3),
(1259, 203, 9, 11),
(1260, 203, 9, 12),
(1261, 203, 8, 9),
(1262, 203, 4, 5),
(1263, 204, 1, 1),
(1264, 204, 2, 3),
(1265, 204, 4, 5),
(1266, 204, 1, 2),
(1267, 204, 5, 6),
(1268, 204, 9, 10),
(1269, 204, 9, 12),
(1270, 204, 9, 11),
(1271, 205, 2, 3),
(1272, 205, 4, 5),
(1273, 205, 7, 18),
(1274, 206, 1, 1),
(1275, 206, 1, 2),
(1276, 206, 2, 3),
(1277, 206, 3, 4),
(1278, 206, 4, 5),
(1279, 206, 9, 12),
(1280, 206, 9, 10),
(1281, 206, 7, 18),
(1282, 207, 1, 1),
(1283, 207, 2, 3),
(1284, 207, 3, 4),
(1285, 207, 8, 9),
(1286, 207, 9, 10),
(1287, 207, 9, 11),
(1288, 207, 9, 12),
(1289, 207, 4, 5),
(1290, 208, 1, 23),
(1291, 208, 2, 3),
(1292, 208, 4, 5),
(1293, 208, 9, 12),
(1294, 208, 8, 9),
(1295, 209, 3, 4),
(1296, 209, 9, 12),
(1297, 209, 9, 10),
(1298, 209, 4, 5),
(1299, 209, 2, 3),
(1300, 209, 1, 1),
(1301, 210, 1, 1),
(1302, 210, 2, 3),
(1303, 210, 4, 5),
(1304, 210, 6, 7),
(1305, 210, 1, 2),
(1306, 210, 9, 10),
(1307, 210, 9, 12),
(1308, 210, 8, 9),
(1309, 210, 5, 6),
(1310, 210, 10, 15),
(1311, 210, 7, 18),
(1312, 210, 3, 4),
(1313, 211, 1, 1),
(1314, 211, 2, 3),
(1315, 211, 4, 5),
(1316, 211, 9, 12),
(1317, 211, 9, 11),
(1318, 211, 9, 10),
(1319, 211, 3, 4),
(1320, 211, 5, 6),
(1321, 211, 8, 9),
(1322, 212, 1, 2),
(1323, 212, 3, 4),
(1324, 212, 9, 12),
(1325, 212, 9, 10),
(1326, 212, 8, 9),
(1327, 212, 10, 15),
(1328, 212, 1, 1),
(1329, 212, 4, 5),
(1330, 212, 6, 7),
(1331, 212, 7, 18),
(1332, 213, 2, 3),
(1333, 213, 1, 1),
(1334, 213, 1, 2),
(1335, 213, 5, 6),
(1336, 213, 9, 11),
(1337, 213, 9, 11),
(1338, 213, 9, 12),
(1339, 213, 4, 5),
(1340, 214, 1, 1),
(1341, 214, 9, 12),
(1342, 214, 4, 5),
(1343, 214, 2, 3),
(1344, 214, 8, 9),
(1345, 215, 1, 1),
(1346, 215, 2, 3),
(1347, 215, 4, 5),
(1348, 215, 9, 12),
(1349, 215, 9, 10),
(1350, 215, 8, 9),
(1351, 215, 10, 15),
(1352, 215, 3, 4),
(1353, 215, 7, 8),
(1354, 217, 4, 5),
(1355, 217, 1, 1),
(1356, 218, 1, 1),
(1357, 218, 1, 2),
(1358, 218, 5, 6),
(1359, 218, 3, 4),
(1360, 218, 4, 5),
(1361, 218, 2, 3),
(1362, 218, 8, 9),
(1363, 218, 9, 10),
(1364, 218, 9, 12),
(1365, 218, 10, 15),
(1366, 219, 1, 1),
(1367, 219, 2, 3),
(1368, 219, 3, 4),
(1369, 219, 4, 5),
(1370, 219, 5, 6),
(1371, 219, 10, 15),
(1372, 219, 9, 12),
(1373, 219, 9, 10),
(1374, 219, 8, 9),
(1375, 219, 1, 2),
(1376, 220, 9, 12),
(1377, 221, 9, 12),
(1378, 112, 10, 15),
(1379, 222, 6, 7),
(1380, 222, 7, 8),
(1381, 223, 4, 5),
(1382, 223, 6, 7),
(1383, 223, 7, 8),
(1384, 224, 6, 19),
(1385, 224, 7, 8),
(1386, 225, 2, 3),
(1387, 225, 1, 23),
(1388, 225, 4, 5),
(1389, 225, 3, 4),
(1390, 225, 9, 12),
(1391, 225, 9, 10),
(1392, 225, 8, 9),
(1393, 225, 7, 18),
(1394, 225, 10, 15),
(1395, 226, 1, 1),
(1396, 226, 4, 5),
(1397, 226, 9, 12),
(1398, 226, 6, 7),
(1399, 226, 2, 3),
(1400, 172, 2, 3),
(1401, 227, 1, 1),
(1402, 227, 1, 2),
(1403, 227, 2, 3),
(1404, 227, 3, 4),
(1405, 227, 5, 6),
(1406, 227, 4, 5),
(1407, 227, 9, 12),
(1408, 227, 9, 10),
(1409, 228, 1, 1),
(1410, 228, 1, 2),
(1411, 228, 2, 3),
(1412, 228, 4, 5),
(1413, 228, 3, 4),
(1414, 228, 5, 6),
(1415, 228, 8, 9),
(1416, 228, 6, 7),
(1417, 228, 7, 8),
(1418, 228, 9, 10),
(1419, 228, 9, 12),
(1420, 228, 10, 15),
(1421, 229, 1, 1),
(1422, 229, 2, 3),
(1423, 229, 4, 5),
(1424, 229, 9, 10),
(1425, 229, 9, 12),
(1426, 229, 3, 4),
(1427, 229, 6, 7),
(1428, 230, 1, 1),
(1429, 230, 2, 3),
(1430, 230, 4, 5),
(1431, 230, 9, 12),
(1432, 230, 9, 10),
(1433, 230, 8, 9),
(1434, 231, 1, 1),
(1435, 231, 4, 5),
(1436, 231, 2, 3),
(1437, 231, 9, 12),
(1438, 231, 9, 10),
(1439, 232, 1, 1),
(1440, 232, 1, 2),
(1441, 232, 2, 3),
(1442, 232, 9, 12),
(1443, 232, 9, 10),
(1444, 232, 4, 5),
(1445, 232, 3, 4),
(1446, 232, 5, 6),
(1447, 232, 7, 8),
(1448, 94, 5, 6),
(1449, 233, 2, 3),
(1450, 233, 1, 23),
(1451, 233, 4, 5),
(1452, 233, 3, 4),
(1453, 233, 5, 6),
(1454, 233, 10, 15),
(1455, 233, 9, 12),
(1456, 233, 9, 10),
(1457, 163, 1, 2),
(1458, 234, 1, 1),
(1459, 234, 1, 2),
(1460, 234, 2, 3),
(1461, 234, 9, 12),
(1462, 234, 9, 10),
(1463, 234, 8, 9),
(1464, 234, 4, 5),
(1465, 234, 10, 15),
(1466, 234, 7, 18),
(1467, 234, 3, 4),
(1468, 235, 4, 5),
(1469, 235, 9, 12),
(1470, 235, 9, 22),
(1471, 235, 9, 25),
(1472, 235, 2, 3),
(1473, 235, 5, 6),
(1474, 236, 2, 3),
(1475, 236, 4, 5),
(1476, 236, 5, 6),
(1477, 236, 9, 20),
(1478, 236, 9, 21),
(1479, 236, 9, 12),
(1480, 237, 4, 5),
(1481, 237, 2, 3),
(1482, 238, 2, 3),
(1483, 238, 1, 23),
(1484, 238, 4, 5),
(1485, 238, 9, 12),
(1486, 238, 8, 9),
(1487, 238, 1, 2),
(1488, 238, 3, 4),
(1489, 239, 1, 1),
(1490, 239, 1, 2),
(1491, 240, 2, 3),
(1492, 240, 1, 1),
(1493, 240, 1, 2),
(1494, 240, 4, 5),
(1495, 240, 9, 12),
(1496, 240, 9, 10),
(1497, 240, 3, 4),
(1498, 241, 9, 12),
(1499, 242, 9, 12),
(1500, 242, 4, 5),
(1501, 243, 1, 1),
(1502, 243, 2, 3),
(1503, 243, 4, 5),
(1504, 243, 9, 12),
(1505, 243, 8, 9),
(1506, 243, 10, 15),
(1507, 243, 9, 10),
(1508, 244, 2, 3),
(1509, 244, 1, 1),
(1510, 244, 4, 5),
(1511, 244, 3, 4),
(1512, 244, 5, 12),
(1513, 244, 9, 24),
(1514, 244, 9, 10),
(1515, 244, 1, 2),
(1516, 245, 9, 12),
(1517, 245, 5, 6),
(1518, 191, 10, 15),
(1519, 246, 1, 2),
(1520, 246, 3, 4),
(1521, 165, 3, 4),
(1522, 247, 2, 3),
(1523, 247, 3, 4),
(1524, 247, 7, 18),
(1525, 247, 4, 5),
(1526, 248, 1, 1),
(1527, 248, 2, 3),
(1528, 248, 4, 5),
(1529, 248, 9, 12),
(1530, 248, 5, 6),
(1531, 248, 1, 2),
(1532, 249, 2, 3),
(1533, 249, 4, 5),
(1534, 249, 3, 4),
(1535, 250, 1, 1),
(1536, 250, 2, 3),
(1537, 250, 3, 4),
(1538, 250, 5, 6),
(1539, 250, 9, 12),
(1540, 250, 9, 10),
(1541, 250, 4, 5),
(1542, 250, 8, 9),
(1543, 250, 10, 15),
(1544, 94, 1, 2),
(1545, 76, 9, 11),
(1546, 251, 2, 3),
(1547, 251, 4, 5),
(1548, 251, 9, 11),
(1549, 251, 9, 10),
(1550, 251, 9, 12),
(1551, 251, 5, 6),
(1552, 251, 1, 1),
(1553, 252, 1, 1),
(1554, 253, 1, 1),
(1555, 253, 2, 3),
(1556, 253, 3, 4),
(1557, 253, 4, 5),
(1558, 253, 5, 6),
(1559, 253, 10, 15),
(1560, 253, 6, 7),
(1561, 253, 7, 8),
(1562, 253, 8, 9),
(1563, 253, 9, 10),
(1564, 253, 9, 12),
(1565, 254, 2, 3),
(1566, 254, 4, 5),
(1567, 254, 9, 12),
(1568, 254, 9, 10),
(1569, 254, 3, 4),
(1570, 254, 5, 6),
(1571, 254, 8, 9),
(1572, 254, 7, 18),
(1573, 254, 1, 1),
(1574, 254, 1, 2),
(1575, 254, 10, 15),
(1576, 255, 1, 1),
(1577, 255, 2, 3),
(1578, 255, 3, 4),
(1579, 255, 4, 5),
(1580, 255, 5, 6),
(1581, 255, 10, 15),
(1582, 255, 1, 2),
(1583, 255, 8, 9),
(1584, 255, 9, 10),
(1585, 255, 9, 12),
(1586, 256, 1, 1),
(1587, 256, 2, 3),
(1588, 256, 3, 4),
(1589, 256, 1, 2),
(1590, 256, 9, 10),
(1591, 256, 9, 12),
(1592, 256, 4, 5),
(1593, 257, 1, 1),
(1594, 257, 2, 3),
(1595, 257, 3, 4),
(1596, 257, 4, 5),
(1597, 257, 10, 15),
(1598, 257, 9, 12),
(1599, 257, 8, 9),
(1600, 258, 1, 1),
(1601, 258, 3, 4),
(1602, 258, 8, 9),
(1603, 259, 1, 1),
(1604, 259, 2, 3),
(1605, 259, 4, 5),
(1606, 259, 5, 6),
(1607, 259, 8, 9),
(1608, 259, 9, 12),
(1609, 259, 9, 10),
(1610, 257, 9, 10),
(1611, 260, 1, 1),
(1612, 260, 2, 3),
(1613, 260, 4, 5),
(1614, 260, 8, 9),
(1615, 260, 9, 12),
(1616, 260, 9, 10),
(1617, 260, 5, 6),
(1618, 260, 1, 2),
(1619, 260, 7, 18),
(1620, 260, 3, 4),
(1621, 261, 1, 1),
(1622, 261, 2, 3),
(1623, 261, 3, 4),
(1624, 261, 4, 5),
(1625, 261, 9, 10),
(1626, 261, 9, 12),
(1627, 262, 1, 23),
(1628, 262, 2, 3),
(1629, 262, 3, 4),
(1630, 262, 10, 15),
(1631, 262, 8, 9),
(1632, 262, 9, 11),
(1633, 262, 5, 6),
(1634, 262, 4, 5),
(1635, 262, 9, 12),
(1636, 262, 9, 10),
(1637, 263, 1, 1),
(1638, 263, 2, 3),
(1639, 263, 4, 5),
(1640, 263, 9, 10),
(1641, 263, 9, 12),
(1642, 263, 3, 4),
(1643, 263, 5, 6),
(1644, 263, 9, 11),
(1645, 264, 2, 3),
(1646, 264, 1, 1),
(1647, 264, 1, 2),
(1648, 264, 4, 5),
(1649, 264, 9, 12),
(1650, 264, 9, 10),
(1651, 264, 3, 4),
(1652, 264, 8, 9),
(1653, 264, 10, 15),
(1654, 264, 7, 18),
(1655, 79, 5, 6),
(1656, 265, 1, 1),
(1657, 265, 3, 4),
(1658, 265, 4, 5),
(1659, 265, 8, 9),
(1660, 265, 9, 12),
(1661, 266, 1, 1),
(1662, 266, 2, 3),
(1663, 266, 3, 4),
(1664, 266, 4, 5),
(1665, 266, 10, 15),
(1666, 266, 8, 9),
(1667, 266, 9, 12),
(1668, 267, 1, 1),
(1669, 267, 2, 3),
(1670, 267, 4, 5),
(1671, 267, 5, 6),
(1672, 267, 9, 12),
(1673, 267, 9, 10),
(1674, 267, 8, 9),
(1675, 267, 10, 15),
(1676, 98, 10, 15),
(1677, 268, 1, 1),
(1678, 268, 2, 3),
(1679, 268, 4, 5),
(1680, 268, 9, 12),
(1681, 268, 9, 10),
(1682, 268, 9, 11),
(1683, 268, 3, 4),
(1684, 269, 1, 1),
(1685, 269, 2, 3),
(1686, 269, 9, 12),
(1687, 269, 9, 10),
(1688, 269, 3, 4),
(1689, 269, 5, 6),
(1690, 269, 4, 5),
(1691, 269, 1, 2),
(1692, 270, 1, 1),
(1693, 270, 2, 3),
(1694, 270, 9, 12),
(1695, 270, 9, 10),
(1696, 270, 9, 11),
(1697, 270, 4, 5),
(1698, 270, 3, 4),
(1699, 270, 8, 9),
(1700, 271, 2, 3),
(1701, 271, 3, 4),
(1702, 271, 4, 5),
(1703, 271, 5, 6),
(1704, 271, 9, 12),
(1705, 271, 7, 18),
(1706, 272, 2, 3),
(1707, 272, 5, 6),
(1708, 266, 9, 10),
(1709, 273, 2, 3),
(1710, 273, 1, 1),
(1711, 273, 1, 2),
(1712, 273, 3, 4),
(1713, 273, 5, 6),
(1714, 273, 9, 12),
(1715, 273, 9, 10),
(1716, 273, 8, 9),
(1717, 273, 7, 8),
(1718, 273, 6, 7),
(1719, 273, 4, 5),
(1720, 274, 1, 1),
(1721, 274, 2, 3),
(1722, 274, 3, 4),
(1723, 274, 4, 5),
(1724, 274, 5, 6),
(1725, 274, 9, 11),
(1726, 274, 9, 12),
(1727, 274, 9, 10),
(1728, 275, 1, 1),
(1729, 275, 5, 6),
(1730, 275, 7, 18),
(1731, 275, 3, 4),
(1732, 275, 4, 5),
(1733, 275, 9, 12),
(1734, 275, 9, 10),
(1735, 275, 10, 15),
(1736, 275, 1, 2),
(1737, 276, 4, 5),
(1738, 276, 1, 1),
(1739, 276, 3, 4),
(1740, 276, 7, 18),
(1741, 277, 1, 23),
(1742, 277, 1, 2),
(1743, 277, 2, 3),
(1744, 277, 4, 5),
(1745, 277, 3, 4),
(1746, 277, 5, 6),
(1747, 277, 10, 15),
(1748, 277, 9, 10),
(1749, 277, 9, 12),
(1750, 277, 7, 18),
(1751, 277, 8, 9),
(1752, 278, 1, 1),
(1753, 278, 2, 3),
(1754, 278, 4, 5),
(1755, 278, 9, 12),
(1756, 278, 9, 10),
(1757, 278, 3, 4),
(1758, 278, 10, 15),
(1759, 279, 4, 5),
(1760, 279, 1, 1),
(1761, 279, 9, 12),
(1762, 280, 1, 1),
(1763, 280, 2, 3),
(1764, 280, 9, 12),
(1765, 280, 4, 5),
(1766, 280, 10, 15),
(1767, 280, 8, 9);




CREATE TABLE `informes` (
  `id` int(11) NOT NULL,
  `token` varchar(20) NOT NULL,
  `empresa_id` int(11) NOT NULL,
  `paciente_id` int(11) NOT NULL,
  `fechahora` datetime DEFAULT NULL
) ENGINE=InnoDB DEFAULT CHARSET=utf8mb4 COLLATE=utf8mb4_general_ci;


INSERT INTO `informes` (`id`, `token`, `empresa_id`, `paciente_id`, `fechahora`) VALUES
(1, '4wyDipY8VzLZtSYeAZeH', 1, 10, NULL),
(2, 'VuK0arTv7CJlkhP9T9xL', 1, 10, '2023-07-03 19:26:14'),
(3, 'R8XkdLVPFx2VQnLhX0z9', 1, 10, '2023-07-03 19:36:05'),
(4, 'SLV4w6KWRczon7RvXZj1', 1, 10, '2023-07-03 19:38:05'),
(5, 'kkwjok3HJfALHX2bI2Ff', 1, 10, '2023-07-03 19:40:57'),
(6, 'waitnI4mnCySzzTOyLVl', 1, 10, '2023-07-03 19:42:56'),
(7, 'bE0HHOGxZruCbpXytrBS', 1, 10, '2023-07-03 19:44:02'),
(8, '86VAfVWfYudKdMwR84Ez', 1, 10, '2023-07-03 21:20:28'),
(9, 'EZ7rCdPfY7aO0UnBN3ZP', 1, 10, '2023-07-03 22:27:10'),
(10, 'zvDER7HajzmK0Ylulp3y', 1, 10, '2023-07-05 11:32:24'),
(11, 'w3giTHv3t0sLldVZXfX5', 1, 10, '2023-07-07 12:20:15'),
(12, 'UkkaqIx9XlXfnmD0kKQf', 1, 10, '2023-07-24 14:05:05'),
(13, 'kSuoqXxt8CfXJGzJE9Pq', 3, 1, '2023-07-31 18:45:48'),
(14, 'lICRkrPIPIrTPjnAMXuY', 3, 1, '2023-07-31 20:23:11'),
(15, '5A91TNWRioHLwt6ScYpp', 3, 1, '2023-07-31 20:27:01'),
(16, 'csUkh41TqERHrnhtKrIu', 1, 10, '2023-07-31 20:30:40'),
(17, 'ZHceWS2Xfc9hOtiGmSBy', 3, 1, '2023-08-01 13:10:13'),
(18, 'TMRIj9vkm4PuVX3EVCee', 3, 1, '2023-08-01 13:22:57'),
(19, '4HjxLorNJpdvZH2zSrs0', 3, 1, '2023-08-01 13:25:22'),
(20, 'NMtAN5mPuYsgKnb5Hz06', 3, 1, '2023-08-01 13:26:44'),
(21, 'HFgfSXjYNXufFCiGKOFP', 3, 1, '2023-08-01 13:30:15'),
(22, 'xIGEHdwCIQDmvH8QSaUV', 3, 1, '2023-08-01 13:31:16'),
(23, 'KS9n6c1XiGrVFXYNQXkP', 3, 1, '2023-08-01 13:32:28'),
(24, 'Dcr1qQxAg30Op9k5qziZ', 3, 4, '2023-08-01 13:33:27'),
(25, 'CmFHHAe7VkDPsMaeln7E', 3, 1, '2023-08-01 13:35:44'),
(26, 'gK2pBCkEx3qUlUKHwin0', 3, 4, '2023-08-01 13:44:47'),
(27, 'AqYeGVccJGCOdAMAG8HW', 3, 1, '2023-08-01 21:52:47'),
(28, 'txJc5PDHuUyhSNb0xTz7', 3, 4, '2023-08-02 08:53:24'),
(29, '1uRtxemjRQZ2CwAarBQD', 3, 1, '2023-08-02 10:54:15'),
(30, 'XiVjSmMV5vs434rheG2Q', 3, 1, '2023-08-03 10:35:36'),
(31, '0RBTBL8wwVGoG99gOHfF', 335, 4, '2023-08-03 10:57:21'),
(32, '1RQrpdSvqdUvo8TmS1M4', 335, 4, '2023-08-03 10:57:26'),
(33, 'm74GxLA4rWRin1GnilSh', 335, 4, '2023-08-03 11:12:55'),
(34, '2U8genQK4YnksN0ZAaKe', 335, 4, '2023-08-03 16:00:30'),
(35, 'BMBqdBeU6RtWWUN5ZHYt', 335, 4, '2023-08-03 16:05:50'),
(36, '9s8Uy19YSKikK5jVz2EM', 335, 4, '2023-08-03 16:15:37'),
(37, 'vJVdQBGKs8Lb43j7wyYx', 335, 4, '2023-08-03 16:16:36'),
(38, 'wsUtQMjpjBEjCTRNjC5x', 335, 4, '2023-08-03 16:19:01'),
(39, 'eNPrKeu1xTxGQhZDVypJ', 335, 4, '2023-08-03 16:24:08'),
(40, 'Rg027wjDxvZ382YtEnGk', 335, 4, '2023-08-03 16:28:22'),
(41, '1qKjnN6XtTiViDbQezES', 335, 4, '2023-08-03 16:42:10'),
(42, 'fdKy4Tlgnd3YhGA0WKZE', 335, 4, '2023-08-03 16:42:54'),
(43, '0Q71eLxDZKPPPLaBseIq', 335, 4, '2023-08-03 16:44:15'),
(44, 'mE4vdBlENqHg7QpwHlIM', 335, 4, '2023-08-03 16:45:27'),
(45, 'rgIvzOrq8bwRYJiYy9LN', 335, 4, '2023-08-03 16:45:32'),
(46, 'PVoSpJoLWYf59GqPzyWR', 335, 4, '2023-08-03 16:59:38'),
(47, '1vN11VLbeBRhRqwCLDn6', 335, 4, '2023-08-03 18:14:25'),
(48, 'uPtXXHcZKbsd8hoYrmEn', 335, 4, '2023-08-04 13:53:54'),
(49, 'Dy97nacVsA5S5vIRCGRe', 335, 4, '2023-08-04 15:09:32'),
(50, 'SjJCsXfZfbtDwAkggri1', 335, 4, '2023-08-06 19:32:37'),
(51, 'dDgQkMmcKq2eLOaMnfk6', 335, 4, '2023-08-07 16:45:27'),
(52, 'Hzmmt8fBWQXHMMbAf68j', 335, 4, '2023-08-08 12:53:41'),
(53, '3VEjVIxeMnB5KRFEH6nI', 335, 4, '2023-08-23 16:19:50'),
(54, 'ajGFGfhI8QzjQUbzqXB4', 335, 15, '2023-08-26 00:27:17'),
(55, 'Bdp6Swl6HgJGqR8JMtXV', 377, 59, '2023-09-22 17:39:58'),
(56, 'HxdyB1LfkX6CCTMoCuwE', 377, 59, '2023-09-26 19:22:59'),
(57, 'BqQUt4YOU51nbL3WhKML', 3, 1, '2023-09-27 12:19:13'),
(58, 'i1qY0plSM8LLp0Ramhpj', 377, 59, '2023-10-02 13:56:17'),
(59, 'Gk1q3ttiRitxOemYF65m', 377, 59, '2023-10-02 16:54:05'),
(60, 'MkdPJ8zd6gRoAIdLNb3K', 3, 1, '2023-10-09 11:19:09'),
(61, 'XCDPcuWCMdHW9YQxpPHl', 338, 1, '2023-10-09 11:21:29'),
(62, 'L0DVOxOTag9cXHUmFo1d', 338, 1, '2023-10-10 11:22:53'),
(63, 'HEQr4kwqKwH92pUAtkZU', 338, 1, '2023-10-10 11:25:07'),
(64, 'WWSnjzZeHkFnUlMn5Ctc', 338, 1, '2023-10-10 11:41:31'),
(65, 'zuBPy0kDSOjoQQ7iutGi', 3, 4, '2023-10-10 20:16:54'),
(66, 'utT282VjPMvqEfEjvTMT', 338, 1, '2023-10-10 20:30:14'),
(67, 'vflZbbchjegoQaZXRfeb', 384, 70, '2023-10-10 20:36:27'),
(68, 'H4sl6RzRUYcw940MqiYi', 338, 4, '2023-10-11 20:40:26'),
(69, 'mnU312jf9gQGQ5dkToij', 385, 73, '2023-10-11 21:26:06'),
(70, 'rFLSmwI7hrHEAnHvwO5V', 385, 73, '2023-10-12 14:26:25'),
(71, 'g2fKrxKmLqrgPs6E5yRm', 385, 73, '2023-10-12 14:26:30'),
(72, 'RR1MAKKmMqhFnnk4aSC9', 385, 73, '2023-10-17 10:17:42'),
(73, 'Z74N7lj0UQyz1nyGMNwg', 377, 59, '2023-10-18 20:57:40'),
(74, 'wPW79s7VNZ5X6mQApdqc', 377, 59, '2023-10-18 21:09:08'),
(75, '3BPQe4RavqZtAQaLKAnh', 377, 59, '2023-10-18 22:04:08'),
(76, 'rEVgRkjJVafbPlGxlp5Z', 377, 59, '2023-10-19 08:27:59'),
(77, 'Hrp9UmSg2Q45RkeHIUYV', 377, 59, '2023-10-19 10:09:07'),
(78, 'flwRVhCQpyWdFqbMZhyd', 385, 73, '2023-10-20 18:59:10'),
(79, 'e1HtC5292lhrzRStmetB', 385, 73, '2023-10-20 19:00:38'),
(80, 'QGWIVBZpkUxdHbJVnCkh', 385, 73, '2023-10-20 19:00:38'),
(81, 'krk391LvFPqYKHlxJeRY', 385, 73, '2023-10-20 19:00:38'),
(82, 'p7pgx5ooSCgRXdrSk4mP', 385, 73, '2023-10-20 19:00:38'),
(83, 'vLlmsh48wohQIxHDvqcG', 385, 73, '2023-10-20 19:13:28'),
(84, 'DhdcXesXqL0GhEE1Y8qW', 385, 73, '2023-10-20 19:13:28'),
(85, 'IKX6YzwJ0ZC2yvbNUBOH', 385, 73, '2023-10-20 19:13:29'),
(86, 'Lrg31EUvBEe1e2MSfBs0', 385, 73, '2023-10-20 19:13:29'),
(87, '7ZQDMYQGrQL10ybiH8H9', 385, 75, '2023-10-22 22:44:39'),
(88, 'V7LXVkIn1bEsjs6fA5k6', 385, 75, '2023-10-22 22:44:39'),
(89, 'vdqtoeFrkj05alxrEJYf', 385, 75, '2023-10-22 22:44:39'),
(90, 'rgnb0hwcuENSc5ljnC30', 400, 77, '2023-10-22 22:52:22'),
(91, 'WSz7ovrqeRAW3ap3SCu3', 400, 77, '2023-10-22 22:52:22'),
(92, 'aVSAIoydjgUrhTul0iij', 400, 77, '2023-10-22 22:57:23'),
(93, 'vBCPB71Mq81OG2bojeZ0', 377, 59, '2023-10-24 17:21:16'),
(94, 'aUL75aERZiJejJoBfnAC', 377, 59, '2023-10-24 17:22:03'),
(95, 'Wq5wSlqxfuRhl0IlbgPn', 377, 59, '2023-10-24 17:22:46'),
(96, '1ZDO7F5JbocYjRX0B7a9', 377, 59, '2023-10-24 17:22:48'),
(97, 'oPrvfVfKzrD9PI5qU099', 377, 59, '2023-10-24 17:23:01'),
(98, '9bRhwSPeCpVZzdBeXCY8', 377, 59, '2023-10-24 17:23:03'),
(99, '2twOR4w8IlqO7PSwjpoR', 377, 59, '2023-10-24 17:23:04'),
(100, 'NsyS22xnBbFWiwdx0zzt', 377, 59, '2023-10-24 17:23:05'),
(101, 'UQXic9EOXKxcDIaWUNGP', 385, 73, '2023-10-24 18:31:49'),
(102, 'RA9KgiE5BLdSnlyaduQr', 3, 1, '2023-10-24 20:40:04'),
(103, 'Glc3PZNg4CgOvmOTe2ai', 401, 79, '2023-10-25 07:46:29'),
(104, 'SsXgCNXozp3QLtLVfdVy', 377, 59, '2023-10-25 08:59:49'),
(105, 'g0iowBT2EdzblK5MLz6V', 402, 73, '2023-10-25 16:59:46'),
(106, 'gmdL98A0WMVQlycuj7T2', 402, 73, '2023-10-25 16:59:51'),
(107, 'dlKmadthcGNS8LGSYOYG', 402, 73, '2023-10-25 16:59:52'),
(108, 'ftUE1P8p7J6xCuir2CIi', 402, 73, '2023-10-25 17:00:15'),
(109, 'Mb1yBOtpsxmbGQvU79VK', 402, 73, '2023-10-26 11:41:19'),
(110, '259LNQsj2h2OaMnfCg1E', 402, 73, '2023-10-26 11:44:24'),
(111, 'ik4vt18QFScN3KCQPYvR', 377, 59, '2023-10-26 11:44:48'),
(112, 'dx5r00qy23wh8y9v10Q5', 403, 12, '2023-10-26 15:13:01'),
(113, 'b9hCKGOqEdRR1sv5wPQu', 377, 59, '2023-10-26 17:08:52'),
(114, 'leSRrv8R2VNu85zp1k5s', 377, 59, '2023-10-26 17:09:39'),
(115, 'EvNyc5wWin4iA9tcMCoM', 402, 73, '2023-10-26 17:19:48'),
(116, 'FUDOdMuoJqMEpzCg1RYo', 402, 73, '2023-10-26 17:19:49'),
(117, 'QCh7srsbQeCJoMTQlN4e', 402, 73, '2023-10-26 17:19:54'),
(118, 'lc7xk6eZD2yKpfLpprge', 377, 59, '2023-10-26 17:23:39'),
(119, 'Oiuzi2T2VDd6ZrSTjg50', 377, 59, '2023-10-28 09:58:01'),
(120, 'BJFhwLvczmZkIgzHl2sM', 377, 59, '2023-10-28 09:59:03'),
(121, '4WiQH7RNCvc0mDzHYwWH', 402, 73, '2023-10-29 10:54:18'),
(122, '66sc3gSpOPVUzztU1egG', 404, 1, '2023-10-30 09:32:02'),
(123, 'aHGEPlNLA57ILzXdZg1V', 404, 4, '2023-10-30 20:40:58'),
(124, 'S2Zk4677hesHXipvf7Cx', 405, 73, '2023-10-31 16:02:28'),
(125, 'PAtMj9tVZHdYrzbVjt8C', 377, 59, '2023-11-01 14:59:56'),
(126, 'tgViEGdDSm4lC3N30brE', 377, 59, '2023-11-01 19:28:28'),
(127, 'H152U1CFrTlP98yfQFEB', 377, 59, '2023-11-02 19:12:46'),
(128, 'FOlOxkFxFBCr6wyPLfTf', 377, 4, '2023-11-02 19:13:11'),
(129, 'jMdCUdqQnFTebmA5X3ko', 406, 82, '2023-11-03 11:36:40'),
(130, 'ndHpj3u3wbV5eijdpFCZ', 406, 83, '2023-11-03 12:07:33'),
(131, 'j2OD8PlViAOdmiMqMaLL', 406, 59, '2023-11-03 12:43:12'),
(132, 'UwhVnDujsAsXUNjcV1YG', 406, 59, '2023-11-03 12:43:22'),
(133, 'JCbypuSqfvoiMc23MpcM', 406, 73, '2023-11-13 15:10:07'),
(134, 'iFLfuInqzleLuY73IETZ', 404, 66, '2023-11-18 16:56:28'),
(135, 'IBgvXHKdRDItn75e9Jf3', 377, 59, '2023-11-18 21:13:31'),
(136, 'dyzj4BCMlVktTFTJcaSD', 404, 1, '2023-11-18 23:16:50'),
(137, 'yRYnDJjQFSheAnSd5G0N', 404, 72, '2023-11-18 23:17:38'),
(138, 'GG1aXBjvUd1uR0J5BKcf', 404, 1, '2023-11-18 23:35:49');




CREATE TABLE `informe_estudio` (
  `id` int(11) NOT NULL,
  `id_turno` int(11) NOT NULL,
  `id_estudio` int(11) NOT NULL,
  `id_area` int(11) NOT NULL,
  `observaciones` varchar(200) DEFAULT NULL
) ENGINE=InnoDB DEFAULT CHARSET=utf8mb4 COLLATE=utf8mb4_general_ci;


INSERT INTO `informe_estudio` (`id`, `id_turno`, `id_estudio`, `id_area`, `observaciones`) VALUES
(3, 11, 12, 3, NULL),
(4, 11, 12, 3, NULL),
(5, 11, 12, 3, NULL),
(6, 11, 12, 3, NULL),
(7, 11, 12, 3, NULL),
(8, 11, 12, 3, NULL),
(9, 11, 12, 3, NULL),
(10, 11, 12, 3, NULL),
(11, 11, 12, 3, NULL),
(12, 11, 12, 3, NULL),
(13, 11, 12, 3, NULL),
(14, 11, 12, 3, NULL),
(15, 11, 12, 3, NULL),
(16, 11, 12, 3, NULL),
(17, 11, 12, 3, '1'),
(18, 11, 12, 3, '1'),
(19, 11, 12, 3, ''),
(20, 11, 12, 3, ''),
(21, 11, 12, 3, ''),
(22, 11, 12, 3, ''),
(23, 11, 12, 3, ''),
(24, 11, 12, 3, ''),
(25, 11, 12, 3, ''),
(26, 11, 12, 3, ''),
(27, 11, 12, 3, ''),
(28, 11, 12, 3, ''),
(29, 11, 12, 3, ''),
(30, 11, 12, 3, ''),
(31, 11, 12, 3, ''),
(32, 11, 12, 3, ''),
(33, 11, 12, 3, ''),
(34, 11, 12, 3, ''),
(35, 11, 12, 3, ''),
(36, 11, 12, 3, ''),
(37, 11, 12, 3, ''),
(38, 11, 12, 3, ''),
(39, 11, 12, 3, ''),
(40, 11, 12, 3, ''),
(41, 11, 12, 3, ''),
(42, 11, 12, 3, ''),
(43, 11, 12, 3, ''),
(44, 11, 12, 3, ''),
(45, 11, 12, 3, ''),
(46, 11, 12, 3, ''),
(47, 11, 12, 3, ''),
(48, 11, 12, 3, ''),
(49, 11, 12, 3, ''),
(50, 11, 12, 3, '');




CREATE TABLE `pacientes` (
  `id` int(10) UNSIGNED NOT NULL,
  `nombres` varchar(45) NOT NULL,
  `apellidos` varchar(45) NOT NULL,
  `documento` varchar(45) NOT NULL,
  `fecha_nacimiento` date DEFAULT NULL,
  `telefono` varchar(45) DEFAULT NULL,
  `celular` varchar(45) DEFAULT NULL,
  `domicilio` varchar(150) DEFAULT NULL
) ENGINE=InnoDB DEFAULT CHARSET=utf8mb4 COLLATE=utf8mb4_general_ci;


INSERT INTO `pacientes` (`id`, `nombres`, `apellidos`, `documento`, `fecha_nacimiento`, `telefono`, `celular`, `domicilio`) VALUES
(1, 'Juan', 'Perez', '33333333', '1985-07-16', '123456', '1234567', 'por algun lugar del mundo'),
(2, 'Pepe', 'Grillo', '11111111', '1986-05-05', '321654', '3216547', 'En angaco'),
(3, 'James', 'Brown', '22222222', '1970-05-08', '1598753', '3569853', 'Bajo el puente'),
(4, 'Pepe', 'Tyler', '44444444', '1945-05-06', '1616161', '321654788', 'Mendoza 123 - chimbas'),
(5, 'Pepe', 'Tyler', '44444444', '1945-05-06', '1616161', '321654788', 'Mendoza 123 - chimbas'),
(6, 'Pepe', 'Tyler', '44444444', '1945-05-06', '1616161', '321654788', 'Mendoza 123 - chimbas'),
(7, 'Facundo', 'Paez', '1234124', '1212-12-12', '123123', '123123', 'calle falsa 123'),
(8, 'Facundo', 'Paez', '1234124', '1111-11-11', '321', '321', 'calle falsa 123'),
(9, 'Facundo', 'Paez', '1234124', '1212-12-12', '123', '124', 'calle falsa 123'),
(10, 'Pepe', 'Vargas', '44444444', '1945-05-06', '1616161', '321654788', 'Mendoza 123 - chimbas'),
(11, 'Braian', 'Vargas', '123', '1999-04-26', '2645819065', '123123', '123123'),
(12, 'Braian', 'Vargas', '41830596', '1999-04-26', '2645819065', '6', 'Barrio 7 colores 1 mzna c casa 4'),
(13, 'Braian', 'Vargas', '41830596', '1211-12-12', '2645819065', '1234', 'Barrio 7 colores 1 mzna c casa 4'),
(14, 'Braian', 'Vargas', '41830596', '1111-11-11', '2645819065', '-1234', 'Barrio 7 colores 1 mzna c casa 4'),
(15, 'Braian', 'Vargas', '418350965', '5155-06-20', '2645819065', '26451561231', 'dsfasdf'),
(16, 'Braian', 'Vargas', '418350965', '5155-06-20', '2645819065', '26451561231', 'dsfasdf'),
(17, 's', 's', '1123', '1111-03-12', '111', '111', 'Barrio 7 colores 1 mzna c casa 4'),
(18, 's', 's', '1123', '1111-03-12', '111', '111', 'Barrio 7 colores 1 mzna c casa 4'),
(19, '1', '1', '1', '1111-11-11', '1', '123', '123'),
(20, '1', '1', '1', '1111-11-11', '1', '123', '123'),
(21, '1', '1', '1', '1111-11-11', '1', '123', '123'),
(22, '1', '1', '1', '1111-11-11', '1', '123', '123'),
(23, 'Braian', 'Vargas', '1', '0012-12-12', '2645819065', '13123', '123123'),
(24, 'Braian', 'Vargas', '1', '0312-12-01', '2645819065', '123', '123'),
(25, '1', '1', '1', '0001-01-01', '1', '1', '1'),
(26, '1', '1', '1', '0001-01-01', '1', '1', '1'),
(27, '1', '1', '1', '0001-01-01', '1', '1', '1'),
(28, '1', '1', '1', '0001-01-01', '1', '1', '1'),
(29, '1', '1', '1', '0001-01-01', '1', '1', '1'),
(30, '1', '1', '1', '0001-01-01', '1', '1', '1'),
(31, '1', '1', '1', '0001-01-01', '1', '1', '1'),
(32, '1', '1', '1', '0001-01-01', '1', '1', '1'),
(33, '1', '1', '1', '0001-01-01', '1', '1', '1'),
(34, '1', '1', '1', '0001-01-01', '1', '1', '1'),
(35, '1', '1', '1', '0001-01-01', '1', '1', '1'),
(36, '1', '1', '1', '0001-01-01', '1', '1', '1'),
(37, '1', '1', '1', '0001-01-01', '1', '1', '1'),
(38, '1', '1', '1', '0001-01-01', '1', '1', '1'),
(39, '1', '1', '1', '0001-01-01', '1', '1', '1'),
(40, '1', '1', '1', '0001-01-01', '1', '1', '1'),
(41, '1', '1', '1', '0001-01-01', '1', '1', '1'),
(42, '1', '1', '1', '0001-01-01', '1', '1', '1'),
(43, '1', '1', '1', '0001-01-01', '1', '1', '1'),
(44, '1', '1', '1', '0001-01-01', '1', '1', '1'),
(45, '1', '1', '1', '0001-01-01', '1', '1', '1'),
(46, '1', '1', '1', '0001-01-01', '1', '1', '1'),
(47, '1', '1', '1', '0001-01-01', '1', '1', '1'),
(48, '1', '1', '1', '0001-01-01', '1', '1', '1'),
(49, '1', '1', '1', '0001-01-01', '1', '1', '1'),
(50, '1', '1', '1', '0001-01-01', '1', '1', '1'),
(51, '1', '1', '1', '0001-01-01', '1', '1', '1'),
(52, '1', '1', '1', '0001-01-01', '1', '1', '1'),
(53, '1', '1', '1', '0001-01-01', '1', '1', '1'),
(54, '1', '1', '1', '0001-01-01', '1', '1', '1'),
(55, '1', '1', '1', '0001-01-01', '1', '1', '1'),
(56, '1', '1', '1', '0001-01-01', '1', '1', '1'),
(57, 'Facundo', 'Paez', '1234124', '1111-11-11', '124124', '124124', 'calle falsa 123'),
(58, 'Braian', 'Vargas', '41830596', '1999-04-26', '2645819065', '2', 'Barrio 7 colores 1 mzna c casa 4'),
(59, 'javier', 'villa', '31642775', '1985-07-16', '546', '4654', '654654'),
(60, 'asdasd', 'Paez', '1234124', '1212-12-12', '1234', '1241234', 'calle falsa 123'),
(61, 'asdasd', 'Paez', '1234124', '1212-12-12', '123123', '123123', 'calle falsa 123'),
(62, 'asdasd', 'Paez', '123123', '1231-03-12', '123123', '123123', 'calle falsa 123'),
(63, '123', '123', '123', '1231-03-12', '123', '123', 'calle falsa 123'),
(64, 'Facundo', 'Paez', '40111111', '3123-02-11', '123', '123', '123'),
(65, 'Facundo', 'Paez', '1234124', '1231-03-12', '123', '123', 'calle falsa 123'),
(66, 'Pepito Juancho', 'Paez', '40728688', '1313-12-13', '12346', '1234566', 'Donde vive tu mamá'),
(67, 'Cosito', 'Coso', '123123', '1212-12-12', '413412', '1234', 'calle falsa 123'),
(68, 'Cosito', 'Coso', '1234124', '1212-12-12', '123123', '123123', 'calle falsa 123'),
(69, 'Cosito', 'Coso', '98989898', '1212-12-12', '123', '123', 'calle falsa 123'),
(70, 'asdasd', 'Coso', '12345699', '1212-12-12', '1212', '1212', '1212'),
(71, 'Facundo', 'Paez', '99997777', '9898-08-08', '321', '321', 'asd'),
(72, 'Facu', 'Facu', '77777777', '3333-03-31', '333', '333', '333'),
(73, 'PAOLA NATALIA', 'VARGAS SORIA', '34916491', '1990-05-19', '2644673114', '2644673114', 'jajaja'),
(74, 'nombre', 'paciente', '78541231', '2023-10-19', '4233552', '22644', 'domicilio'),
(75, 'PAOLA NATALIA', 'VARGAS SORIA', '34916492', '1990-05-19', '2644673114', '341346', 'rawson'),
(76, 'PAOLA NATALIA', 'VARGAS SORIA', '34916493', '1990-05-19', '2644673114', '6656', 'jaja'),
(77, 'sajdfkj', 'paola', '34916495', '1990-05-19', '21412', '452345', 'jsfkaj'),
(78, 'ksdjfg', 'dfgj', '34916496', '1990-05-19', '234', '234', 'sfa'),
(79, 'PAOLA NATALIA', 'VARGAS SORIA', '34916497', '1990-05-19', '2644673114', '453', 'rawson'),
(80, 'PAOLA NATALIA', 'VARGAS SORIA', '34916481', '2222-04-09', '2644673114', '4341', 'rivadavia'),
(81, 'PAOLA NATALIA', 'VARGAS SORIA', '20489877', '2019-03-03', '2644673114', '3424', 'dfsjfajs'),
(82, 'PAOLA NATALIA', 'VARGAS SORIA', '12345678', '1990-05-19', '2644673114', '23', 'fsaf'),
(83, 'carolina', 'moran', '32782504', '1987-02-05', '1111111', '2645602968', 'chubut 6463'),
(84, 'addd', 'Nxddd', '65465897', NULL, NULL, NULL, NULL),
(85, 'MAURICIO ARNALDO', 'RODRIGUEZ', '28675416', NULL, NULL, NULL, NULL),
(86, 'ADRIAN ALEJANDRO', 'SALINAS ', '25412290', NULL, NULL, NULL, NULL),
(87, 'JOSE MIGUEL', 'BUSTOS QUIROGA', '36377418', NULL, NULL, NULL, NULL);




CREATE TABLE `prestador` (
  `id` int(11) NOT NULL,
  `id_usuario` int(11) NOT NULL,
  `codigo` varchar(150) NOT NULL,
  `estado` tinyint(4) NOT NULL,
  `tipo_documento` varchar(20) NOT NULL,
  `nro_documento` varchar(10) NOT NULL,
  `apellido` varchar(50) NOT NULL,
  `nombre` varchar(50) NOT NULL,
  `token_firma` varchar(150) NOT NULL,
  `calle` varchar(150) NOT NULL,
  `localidad` varchar(150) NOT NULL,
  `provincia` varchar(150) NOT NULL,
  `codigo_postal` varchar(10) NOT NULL,
  `telefono_1` varchar(50) NOT NULL,
  `telefono_2` varchar(50) DEFAULT NULL,
  `email` varchar(100) DEFAULT NULL,
  `area_id` int(11) NOT NULL,
  `matricula` varchar(150) NOT NULL
) ENGINE=InnoDB DEFAULT CHARSET=utf8mb4 COLLATE=utf8mb4_general_ci;




CREATE TABLE `tipo_ficha` (
  `id` int(11) NOT NULL,
  `nombre_ficha` varchar(255) NOT NULL
) ENGINE=InnoDB DEFAULT CHARSET=utf8mb4 COLLATE=utf8mb4_general_ci;


INSERT INTO `tipo_ficha` (`id`, `nombre_ficha`) VALUES
(1, 'EXAMEN BASICO'),
(2, 'EXAMEN ALTURA COMUN'),
(3, 'EXAMEN GUALCAMAYO+ SCREENING'),
(4, 'EX.  COMPLETO'),
(5, 'EXAMEN CENTRAL DE RESTAURANT- ARAMARK'),
(6, 'EXAMEN DISEI - CONELCI (TCT)'),
(7, 'EXAMEN ELE SEGURIDAD'),
(8, 'EXAMEN CARNET PROFESIONAL'),
(9, 'EXAMEN REMA TIP TOP'),
(10, 'EXAMEN ENAEX'),
(11, 'EX. COMPLETO + EEG'),
(12, 'EX. LEY+CLS+AUDIO+PSICO+EEG'),
(13, 'EX. LEY +HUDLESSON+VDRL'),
(14, 'EX. LEY + SCREENING'),
(15, 'EX. LEY + RX. CLS'),
(16, 'SENDA'),
(17, 'LEY + PSICOTECNICO'),
(18, 'EX. COMPLETO + LAB. COCINA'),
(19, 'CONSULTORA G Y M'),
(20, 'MINERA DON NICOLASEEG'),
(21, 'LEY + TEST'),
(22, 'LEY+ALCOHOLEMIA+SCREENING+PSICO'),
(23, 'LEY+AUDIO+EEG+PSICO'),
(24, 'LEY+VDRL+HUDLESSON+ESPIRO+AUDIO'),
(25, 'LABORATORIO COMPLEMENTARIO'),
(26, 'LEY+CLS+AUDIO'),
(27, 'GUALCAMAYO S/ PSICO'),
(28, 'LEY+AUDIO+SCREENING'),
(29, 'LEY CLS AUDIO PSICOTECNICO'),
(30, 'LABORATORIO'),
(31, 'LEY + AUDIO'),
(32, 'LEY + PSICO + GYF'),
(33, 'LEY PSICOTECNCIO EEG'),
(34, 'COMPLETO + HIV + BENZO + ALCOHOLEMIA'),
(35, 'EX. LEY+GYF'),
(36, 'EX. LOMA NEGRA'),
(37, 'EX. CLINICO'),
(38, 'EX. LEY +AUDIO+ESPIRO+PSICO'),
(39, 'EX. GUALCAMAYO+SCREENING+ERGO'),
(40, 'EX. LEY ESPIRO PSICO'),
(41, 'AUDIO RX CLS'),
(42, 'EX.LEY+SCREENING+ESPIRO+AUDIO+RXCLS+EEG+TEST'),
(43, 'LEY+RX CLS+PSICO+AUDIO'),
(44, 'PSICOTECNICO'),
(45, 'LABORATORIO Y EX CLINICO PODER JUDICIAL'),
(46, 'ODONTOGRAMA - SCREENING'),
(47, 'EEG Y PSICOTECNICO'),
(48, 'LEY+RXCL+ESPIRO'),
(49, 'LEY +CLS+CERVI+AUDIO+ESPI+ERGO+PSICO+EEG'),
(50, 'EX OTALMO EEG PSICO'),
(51, 'EX LEY RCLS AUDIO EEG PSICO OFT'),
(52, 'ERGOMETRIA'),
(53, 'ART DEPREMINSA'),
(54, 'EX.LEY+AUDIO+OFT+CLS+PSICO+EEG'),
(55, 'ALTURA PSICO SCRENING BENZO EEG'),
(56, 'MOSTOMAT'),
(57, 'LEY+RXCLS+PSICO+AUDIO'),
(58, 'PSICOTECNICO DOCENTE'),
(59, 'TAMBOLAR'),
(60, 'DAMSU'),
(61, 'COOKINS'),
(62, 'ALTURA SCREENIN BENZO ALCOHOL EEG PSICO CERVICAL'),
(63, 'LEY CLS AUDIO ESPIRO'),
(64, 'DAMSU CON PSICOTECNICO'),
(65, 'LEY RX CLS RX CER AUDIO ESPIRO'),
(66, 'TAMBOLAR 1'),
(67, 'LABORATORIO RX TORAX'),
(68, 'LABORATORIO PSICO'),
(69, 'EEG ODONTOGRAMA'),
(70, 'CLINICO ECG'),
(71, 'EX COMPLETO + CERVICAL'),
(72, 'ESPIRO+PSICO+ERGO'),
(73, 'EX LEY RX CLS RX CERV AUDIO PSICO EEG'),
(74, 'EXPERTA ART CLINICO ESPIRO TORAX'),
(75, 'ART CLINICO+OFT+HG'),
(76, 'LEY+CLS+PSICO+OFT+EEG+PERFIL LIPIDICO'),
(77, 'EXA CLINICO+OFT+ HG'),
(78, 'OFT+RXCLS+PSICO+EEG'),
(79, 'EX. COMPLETO ALCOHOLEMIA'),
(80, 'EX LEY +CERVICAL+OFT'),
(81, 'LABORATORIO ESPIRO'),
(82, 'LEY }+CLS+AUDIO+SCREENING+HC'),
(83, 'SAY INGIENIERIA +SCREENING+BENZO+ALCOHOL'),
(84, 'CLINICO +ERGO+ ELECTR'),
(85, 'CLINICO+ELECTRO+ESPIRO'),
(86, 'ART SGS'),
(87, 'COOKINS EEG ERGO PSICO OFT SCREE BENZO ALCOHOLEMIA'),
(88, 'VISITA ANDES MINERA ELECRO + ESPIRO'),
(89, 'LEY RX CLS EEG PSICO SCREENING AUDIO'),
(90, 'LEY CLS AUDIO OFT EEG'),
(91, 'ART MOLINOS RIO DE LA PLATA'),
(92, 'RX CLS AUDIO EEG EX OTF'),
(93, 'JOSE MARIA - HEMOGLOBINA GLICOCILADA'),
(94, 'JOSE MARIA'),
(95, 'VISITA JOSE MARIA ERGO +55 AÑOS'),
(96, 'VISITA JOSE MARIA'),
(97, 'VISITA ANDES MINERA ELECTRO+ESPIRO+ERGO'),
(98, 'EX. LEY CLS CERV PSICO EEG'),
(99, 'ALTURA TEST ALCOHOLEMIA EEG ERGOMETRIA PSICO'),
(100, 'LEY RX CLS SCREENING'),
(101, 'REPRESAS PATAGONIA'),
(102, 'VALLECITO CON RX RODILLAS'),
(103, 'JOSE MARIA +COMPLEMENTARIO COCINA'),
(104, 'EX LEY SCREENING ALCOHOLEMIA'),
(105, 'LINDERO  SIN ERGO'),
(106, 'LINDEROS  CON ERGO'),
(107, 'CLINICO+LABORATORIO'),
(108, 'LAB. HG. GLICOSILADA'),
(109, 'LEY+CLS+GYF+SCREENING+AUDIO'),
(110, 'AUDIO PSICO EEG'),
(111, 'LEY+CLS+AUDIO+SCREENING+BENZO+ALCHOLEMIA'),
(112, 'EX SOUTH SCRENING BENZO ALCOHOLEMIA'),
(113, 'ALTURA BASICO+ ERGO+CERVICAL'),
(114, 'COMPLETO EEG ALCOHOLEMIA BENZO'),
(115, 'LEY CLS AUDIO ESPIRO PSICO EEG BENZO SCREENING'),
(116, 'ALTURA BASICO+EEG+BENZO+SCREENING'),
(117, 'LEY+CLS+RX RODILLAS'),
(118, 'EX LEY +CLS+OFT'),
(119, 'EEG+LABORATORIO'),
(120, 'EX ALTURA ERGO EEG PSICO COAGULOGRAMA'),
(121, 'LEY CLS ESPIRO ERGO'),
(122, 'TORAX CLS EEG ERGO ECG OFTLABORATORIO OFT'),
(123, 'ALTURA COMUN+COALUGRAMA+EEG+ERGO+PSICO'),
(124, 'CLINICO ECG TORAX CLS CERV PSICO LAB ESPIRO AUDIO'),
(125, 'LEY +RX CLS+ RX RODILLAS'),
(126, 'LABORATORIO RX'),
(127, 'LEY SCREENING PSICO RX CERV'),
(128, 'EX CONCAT'),
(129, 'EX CLINICO+HEMOGRAMA+OFTALMO'),
(130, 'EX CLINICO+ERGO+ECG+AUDIO+LAB+OFTA+RXTORAX+RXCLS'),
(131, 'LEY+CLS+CERVICAL+AUDIO+PSICO'),
(132, 'LEY PSICO SCREENING PLIPIDICO HEP.'),
(133, 'LEY RX CLS VDRL  GYF AUDIO'),
(134, 'EX KNIGHT  PIESOLD'),
(135, 'ALTURA RX CERVICAL PSICOTECNICO'),
(136, 'EX FACULTAD LABORATORIO OFT AUDIO ECGPSICOTORAX'),
(137, 'LEY+ CLS+CERVICAL'),
(138, 'EX LEY RX CLS RX CERV. AUDIO LABORATORIO COMPL.'),
(139, 'ALTURA ERGO SCREENING BENZO HEP TG'),
(140, 'ROGGIO VIALMANI'),
(141, ' CUMMINS CLINICO+AUDIO+RXTORAX+LABOT.+OFT+ESPIRO'),
(142, 'ART EMPAQUE CLINICO ESPIRO'),
(143, 'COMPLETO + HIV MASTICADOR DE COCA? + ALCOHOLEMIA'),
(144, 'LEY+AUDIO+ESPIRO+RX CERVI+RXCLS'),
(145, 'GENDARMERIA'),
(146, 'FACU. LAB. OFT. SIN FO. AUDIO. ECG'),
(147, 'COMPLETO +EEG/ SIN ODONTO'),
(148, 'LEY CLS AUDIO EEG'),
(149, 'LABORATORIO+ECG+RX TORAX'),
(150, 'LEY SCREENING EEG PSICO');




CREATE TABLE `turnos` (
  `id` int(11) NOT NULL,
  `paciente_id` int(11) DEFAULT NULL,
  `fecha` datetime DEFAULT NULL,
  `tipo_examen` varchar(50) DEFAULT NULL,
  `file_token` varchar(50) DEFAULT NULL,
  `created_at` datetime DEFAULT NULL,
  `last_modification` datetime DEFAULT NULL,
  `confirmado` tinyint(1) DEFAULT 0,
  `deleted` tinyint(4) DEFAULT NULL,
  `empresa_id` int(11) DEFAULT NULL,
  `observaciones` varchar(200) DEFAULT NULL,
  `link_ddjj` varchar(150) DEFAULT NULL,
  `urgente` tinyint(4) DEFAULT 0,
  `atendido` tinyint(4) DEFAULT 0,
  `asistio` tinyint(4) DEFAULT 0,
  `orden_turno` int(11) DEFAULT 0,
  `orden_urgente` int(11) DEFAULT 0,
  `img_token` varchar(150) DEFAULT NULL,
  `firma_token` varchar(150) DEFAULT NULL,
  `tipo_ficha_id` int(11) DEFAULT -1
) ENGINE=InnoDB DEFAULT CHARSET=utf8mb4 COLLATE=utf8mb4_general_ci;


INSERT INTO `turnos` (`id`, `paciente_id`, `fecha`, `tipo_examen`, `file_token`, `created_at`, `last_modification`, `confirmado`, `deleted`, `empresa_id`, `observaciones`, `link_ddjj`, `urgente`, `atendido`, `asistio`, `orden_turno`, `orden_urgente`, `img_token`, `firma_token`, `tipo_ficha_id`) VALUES
(2, 66, '2023-11-18 00:00:00', 'Egreso', 'nuejEPf1K4DDPwXxsjKq', '2023-11-18 17:51:28', NULL, 1, NULL, 3, '', 'http://test.rehabilitarsanjuan.com/api//ddjj/nueva?dni=40728688&empresa_id=3', 0, 0, 1, 8, 0, 'oyeV4GbfWS0KTQItogdG', 'bgFoT21QpGveAix4v0Ih', 5),
(3, 72, '2023-11-18 00:00:00', 'Anual', 'xu3wPXT6oVMQteLWeYG8', '2023-11-18 18:23:03', NULL, 1, NULL, 3, 'Una observacion', 'http://test.rehabilitarsanjuan.com/api//ddjj/nueva?dni=77777777&empresa_id=3', 0, 0, 1, 9, 0, NULL, NULL, 1),
(4, 1, '2023-11-18 00:00:00', 'Egreso', 'yQt6yEVMbt79BHaSKRvM', '2023-11-18 18:48:27', NULL, 0, NULL, 3, 'observation', 'http://test.rehabilitarsanjuan.com/api//ddjj/nueva?dni=33333333&empresa_id=3', 0, 0, 0, 6, 0, NULL, NULL, 4),
(5, 59, '2023-11-20 00:00:00', 'Egreso', '9Ud3PrKOuGdL7ilk2Gg7', '2023-11-18 21:02:14', NULL, 0, NULL, 3, 'bien ahi', 'http://test.rehabilitarsanjuan.com/api//ddjj/nueva?dni=31642775&empresa_id=3', 0, 0, 0, 0, 0, NULL, NULL, 16),
(6, 1, '2023-11-19 00:00:00', 'Egreso', 'tx8IcY4O8QtO60IRf2Iu', '2023-11-18 23:13:16', NULL, 0, NULL, 3, 'Observacio de prueab', 'http://test.rehabilitarsanjuan.com/api//ddjj/nueva?dni=33333333&empresa_id=3', 0, 0, 0, 0, 0, NULL, NULL, 4),
(7, 66, '2023-11-21 00:00:00', 'Ingreso', 'I7WWymW75qf8PdX02yGF', '2023-11-18 23:36:47', NULL, 1, NULL, 3, '', 'http://test.rehabilitarsanjuan.com/api//ddjj/nueva?dni=40728688&empresa_id=3', 0, 0, 0, 1, 0, NULL, NULL, 1),
(8, 59, '2023-11-22 00:00:00', 'Ingreso', 'qD9SdUd6ofGGjadCEthD', '2023-11-21 11:32:23', NULL, 0, NULL, 3, 'prueba', 'http://test.rehabilitarsanjuan.com/api//ddjj/nueva?dni=31642775&empresa_id=3', 0, 0, 0, 0, 0, NULL, NULL, 17),
(9, 4, '2023-11-21 00:00:00', 'Anual', 'lWc3eqdIKRbS6YkQ2yF1', '2023-11-21 17:12:12', NULL, 1, NULL, 3, 'observasdfjmafa ', 'http://test.rehabilitarsanjuan.com/api//ddjj/nueva?dni=44444444&empresa_id=3', 0, 0, 0, 2, 0, NULL, NULL, 19),
(10, 12, '2023-11-21 00:00:00', 'Ingreso', 'xUbU4RpLd2bo9UMcvrYc', '2023-11-21 22:13:14', NULL, 1, NULL, 3, '111', 'http://test.rehabilitarsanjuan.com/api//ddjj/nueva?dni=41830596&empresa_id=3', 0, 0, 0, 3, 0, NULL, NULL, 20),
(11, 1, '2023-11-22 00:00:00', 'Anual', 'J864YDxwAKxqVMnApOjH', '2023-11-22 11:04:24', NULL, 1, NULL, 3, '', 'http://test.rehabilitarsanjuan.com/api//ddjj/nueva?dni=33333333&empresa_id=3', 0, 0, 0, 1, 0, NULL, NULL, 18),
(12, 66, '2023-11-20 00:00:00', 'Anual', 'NtaQ18yTcPVFYA2E5TMV', '2023-11-27 20:39:06', NULL, 0, NULL, 3, '', 'localhost:5000/ddjj/nueva?dni=40728688&empresa_id=3', 0, 0, 0, 0, 0, NULL, NULL, 12),
(13, 11, '2023-11-27 00:00:00', 'ingreso', 'n0kvD2zvinwvUge5hpWi', '2023-11-27 20:41:46', NULL, 0, NULL, 3, '', 'localhost:5000/ddjj/nueva?dni=123&empresa_id=3', 0, 0, 0, 0, 0, NULL, NULL, 12);




CREATE TABLE `users` (
  `id` int(11) NOT NULL,
  `username` varchar(100) NOT NULL,
  `password` varchar(100) DEFAULT NULL,
  `created` datetime NOT NULL DEFAULT current_timestamp(),
  `deleted` datetime DEFAULT NULL,
  `modified` datetime DEFAULT current_timestamp(),
  `name` varchar(100) DEFAULT NULL,
  `token` varchar(150) DEFAULT NULL,
  `last_login` datetime DEFAULT NULL,
  `last_activity` datetime DEFAULT NULL
) ENGINE=InnoDB DEFAULT CHARSET=utf8mb4 COLLATE=utf8mb4_general_ci;


INSERT INTO `users` (`id`, `username`, `password`, `created`, `deleted`, `modified`, `name`, `token`, `last_login`, `last_activity`) VALUES
(2, 'admin', 'admin123456', '2023-06-30 09:04:29', NULL, '2023-06-30 09:04:29', 'Administrador', 'W42g5CaFQ7Ok8EpvilSCnwdAXqir8iDHnS4WOV3T5h7npxkXuHFwSlDrZ4S73CRfW0AF4LQvm1T49erTReOdCm6R9v3ZFZigQZUp', '2023-11-21 11:02:34', '2023-11-21 12:02:14'),
(3, 'adminback', 'admin1234', '2023-06-30 09:04:29', NULL, '2023-06-30 09:04:29', 'Backend', 'elQUECF17lRdtgidR5982VNA3rP7BlAm9mJ6kVayAcbj9jyp3aph5m2dGXAjSjApZyg3zhUlN83CKsw66YSuosvTHtxrZYxSb0dx', '2023-11-30 17:39:38', '2023-11-30 18:10:40'),
(4, 'adminfront', 'admin1234', '2023-10-17 11:57:44', NULL, '2023-10-17 11:57:44', 'Frontend', 'f6PFSTGuk9lNq3MaqhpsFe4uSgrPpO6KqzFGuyCDrjhK393PLMUPoACG08mY4EITCbVy8rmjMDdp6K4BtD4XqpeUcdJPbGtXObT0', '2023-11-23 14:46:22', '2023-11-23 14:51:14'),
(5, 'Secretaria', 'Secretsgo2023', '2023-10-31 14:09:20', NULL, '2023-10-31 14:09:20', 'Sgo. Del Estero', 'GnLHhoVbPxo4cQTAmOaGS5jNBn5KacobTSMNhd8P4kELLxzZ0od7u6YveBJqzPKGWOmWgCAHmiPyNXyUOplhx1VzaG5b37RFT2Xd', '2023-11-13 10:59:58', '2023-11-13 11:13:28'),
(6, 'Administracion', 'Adm9dejulio2023', '2023-10-31 15:56:12', NULL, '2023-10-31 15:56:12', 'Administracion', 'yCQLOFzNsv8aYSrSku0ghpeJYLjcOisDKFB46M57bVP61B2dYsX2IowQ6YYW1AJ7rcMCWiW9UVHUzyhOa4vqVHAaxALPCgafoJRy', '2023-11-14 08:34:21', '2023-11-14 08:37:38'),
(18, 'prestador_01', '1234', '2023-11-29 19:47:46', NULL, '2023-11-29 19:47:46', 'Prestador', NULL, NULL, NULL),
(19, 'prestador_01', '1234', '2023-11-29 19:48:48', NULL, '2023-11-29 19:48:48', 'Prestador', NULL, NULL, NULL),
(20, 'prestador_01', '1234', '2023-11-29 20:01:54', NULL, '2023-11-29 20:01:54', 'Prestador', NULL, NULL, NULL),
(21, 'prestador_01', '1234', '2023-11-29 20:03:17', NULL, '2023-11-29 20:03:17', 'Prestador', NULL, NULL, NULL),
(22, 'prestador_01', '1234', '2023-11-29 20:03:53', NULL, '2023-11-29 20:03:53', 'Prestador', NULL, NULL, NULL),
(23, 'prestador_01', '1234', '2023-11-29 20:06:41', NULL, '2023-11-29 20:06:41', 'Prestador', NULL, NULL, NULL),
(24, 'prestador_01', '1234', '2023-11-29 20:07:06', NULL, '2023-11-29 20:07:06', 'Prestador', NULL, NULL, NULL),
(25, 'prestador_01', '1234', '2023-11-29 20:09:19', NULL, '2023-11-29 20:09:19', 'Prestador', NULL, NULL, NULL),
(26, 'prestador_01', '1234', '2023-11-29 20:10:59', NULL, '2023-11-29 20:10:59', 'Prestador', NULL, NULL, NULL),
(27, 'prestador_01', '1234', '2023-11-29 20:11:18', NULL, '2023-11-29 20:11:18', 'Prestador', NULL, NULL, NULL),
(28, 'prestador_01', '1234', '2023-11-29 20:11:46', NULL, '2023-11-29 20:11:46', 'Prestador', NULL, NULL, NULL),
(29, 'prestador_01', '1234', '2023-11-29 20:12:00', NULL, '2023-11-29 20:12:00', 'Prestador', NULL, NULL, NULL),
(30, 'prestador_01', '1234', '2023-11-29 20:21:09', NULL, '2023-11-29 20:21:09', 'Prestador', NULL, NULL, NULL),
(31, 'prestador_01', '1234', '2023-11-29 20:22:29', NULL, '2023-11-29 20:22:29', 'Prestador', NULL, NULL, NULL),
(35, 'prestador_01', '1234', '2023-11-29 20:24:19', NULL, '2023-11-29 20:24:19', 'Prestador', NULL, NULL, NULL);

--
-- Índices para tablas volcadas
--

--
-- Indices de la tabla `archivos`
--
ALTER TABLE `archivos`
  ADD PRIMARY KEY (`id`);

--
-- Indices de la tabla `area`
--
ALTER TABLE `area`
  ADD PRIMARY KEY (`id`);

--
-- Indices de la tabla `ddjj`
--
ALTER TABLE `ddjj`
  ADD PRIMARY KEY (`id`);

--
-- Indices de la tabla `empresas`
--
ALTER TABLE `empresas`
  ADD PRIMARY KEY (`id`),
  ADD UNIQUE KEY `id_UNIQUE` (`id`),
  ADD UNIQUE KEY `razonsocial_UNIQUE` (`razonsocial`);

--
-- Indices de la tabla `estudios`
--
ALTER TABLE `estudios`
  ADD PRIMARY KEY (`id`);

--
-- Indices de la tabla `fact_asistencia_estaciones`
--
ALTER TABLE `fact_asistencia_estaciones`
  ADD PRIMARY KEY (`id`);

--
-- Indices de la tabla `fact_informe_area`
--
ALTER TABLE `fact_informe_area`
  ADD PRIMARY KEY (`id`);

--
-- Indices de la tabla `fact_tipo_ficha`
--
ALTER TABLE `fact_tipo_ficha`
  ADD PRIMARY KEY (`id`);

--
-- Indices de la tabla `informes`
--
ALTER TABLE `informes`
  ADD PRIMARY KEY (`id`),
  ADD UNIQUE KEY `id_UNIQUE` (`id`),
  ADD UNIQUE KEY `token_UNIQUE` (`token`);

--
-- Indices de la tabla `informe_estudio`
--
ALTER TABLE `informe_estudio`
  ADD PRIMARY KEY (`id`);

--
-- Indices de la tabla `pacientes`
--
ALTER TABLE `pacientes`
  ADD PRIMARY KEY (`id`),
  ADD UNIQUE KEY `id_UNIQUE` (`id`);

--
-- Indices de la tabla `prestador`
--
ALTER TABLE `prestador`
  ADD PRIMARY KEY (`id`);

--
-- Indices de la tabla `tipo_ficha`
--
ALTER TABLE `tipo_ficha`
  ADD PRIMARY KEY (`id`);

--
-- Indices de la tabla `turnos`
--
ALTER TABLE `turnos`
  ADD PRIMARY KEY (`id`);

--
-- Indices de la tabla `users`
--
ALTER TABLE `users`
  ADD PRIMARY KEY (`id`);

--
-- AUTO_INCREMENT de las tablas volcadas
--

--
-- AUTO_INCREMENT de la tabla `archivos`
--
ALTER TABLE `archivos`
  MODIFY `id` int(11) NOT NULL AUTO_INCREMENT, AUTO_INCREMENT=91;

--
-- AUTO_INCREMENT de la tabla `ddjj`
--
ALTER TABLE `ddjj`
  MODIFY `id` int(11) NOT NULL AUTO_INCREMENT;

--
-- AUTO_INCREMENT de la tabla `empresas`
--
ALTER TABLE `empresas`
  MODIFY `id` int(11) NOT NULL AUTO_INCREMENT, AUTO_INCREMENT=407;

--
-- AUTO_INCREMENT de la tabla `fact_asistencia_estaciones`
--
ALTER TABLE `fact_asistencia_estaciones`
  MODIFY `id` int(11) NOT NULL AUTO_INCREMENT, AUTO_INCREMENT=4;

--
-- AUTO_INCREMENT de la tabla `fact_informe_area`
--
ALTER TABLE `fact_informe_area`
  MODIFY `id` int(11) NOT NULL AUTO_INCREMENT, AUTO_INCREMENT=49;

--
-- AUTO_INCREMENT de la tabla `fact_tipo_ficha`
--
ALTER TABLE `fact_tipo_ficha`
  MODIFY `id` int(11) NOT NULL AUTO_INCREMENT, AUTO_INCREMENT=1768;

--
-- AUTO_INCREMENT de la tabla `informes`
--
ALTER TABLE `informes`
  MODIFY `id` int(11) NOT NULL AUTO_INCREMENT, AUTO_INCREMENT=139;

--
-- AUTO_INCREMENT de la tabla `informe_estudio`
--
ALTER TABLE `informe_estudio`
  MODIFY `id` int(11) NOT NULL AUTO_INCREMENT, AUTO_INCREMENT=51;

--
-- AUTO_INCREMENT de la tabla `pacientes`
--
ALTER TABLE `pacientes`
  MODIFY `id` int(10) UNSIGNED NOT NULL AUTO_INCREMENT, AUTO_INCREMENT=88;

--
-- AUTO_INCREMENT de la tabla `prestador`
--
ALTER TABLE `prestador`
  MODIFY `id` int(11) NOT NULL AUTO_INCREMENT;

--
-- AUTO_INCREMENT de la tabla `tipo_ficha`
--
ALTER TABLE `tipo_ficha`
  MODIFY `id` int(11) NOT NULL AUTO_INCREMENT, AUTO_INCREMENT=151;

--
-- AUTO_INCREMENT de la tabla `turnos`
--
ALTER TABLE `turnos`
  MODIFY `id` int(11) NOT NULL AUTO_INCREMENT, AUTO_INCREMENT=14;

--
-- AUTO_INCREMENT de la tabla `users`
--
ALTER TABLE `users`
  MODIFY `id` int(11) NOT NULL AUTO_INCREMENT, AUTO_INCREMENT=36;
COMMIT;
